fin_year,month,state_code,state_name,district_code,district_name,Approved_Labour_Budget,Average_Wage_rate_per_day_per_person,Average_days_of_employment_provided_per_Household,Differently_abled_persons_worked,Material_and_skilled_Wages,Number_of_Completed_Works,Number_of_GPs_with_NIL_exp,Number_of_Ongoing_Works,Persondays_of_Central_Liability_so_far,SC_persondays,SC_workers_against_active_workers,ST_persondays,ST_workers_against_active_workers,Total_Adm_Expenditure,Total_Exp,Total_Households_Worked,Total_Individuals_Worked,Total_No_of_Active_Job_Cards,Total_No_of_Active_Workers,Total_No_of_HHs_completed_100_Days_of_Wage_Employment,Total_No_of_JobCards_issued,Total_No_of_Workers,Total_No_of_Works_Takenup,Wages,Women_Persondays,percent_of_Category_B_Works,percent_of_Expenditure_on_Agriculture_Allied_Works,percent_of_NRM_Expenditure,percentage_payments_gererated_within_15_days,Remarks
2022-2023,Dec,02,ANDHRA PRADESH,0212,ANANTAPUR,8942528,213.679219637723,47,3966,17024.863617208,12427,0,49451,8942426,1729428,91859,339654,16715,2153.67956,38286.6492706888,187968,336516,248906,464635,2849,314948,980391,61878,19108.1060934808,5000025,55,43.38,75.07,100.25,NA
2022-2023,Dec,02,ANDHRA PRADESH,0219,BAPATLA,5799307,203.831130535252,36,2100,5387.851488731,8681,1,33237,5799307,2124222,135451,198550,13409,689.99138,17898.635890041,159262,277805,201148,373006,1005,252646,631560,41918,11820.79302131,3146093,22,69.38,79.45,107.29,NA
2022-2023,Dec,02,ANDHRA PRADESH,0220,PALNADU,6293098,185.379661089592,35,1951,8429.430588138,13830,35,26160,6292784,1567874,113908,473764,35286,747.81011,20842.7823504381,176694,309483,239358,432659,672,301371,838350,39990,11665.5416523001,3394377,18,67.04,75.6,109.52,NA
2022-2023,Oct,02,ANDHRA PRADESH,0204,EAST GODAVARI,3581949,217.834574693275,41,1890,5888.861974916,3385,9,23403,3581949,1404149,71808,65997,2857,692.45683,14384.042174796,86342,120678,119576,192381,707,182311,517693,26788,7802.72336988002,1944521,52,53.96,65.23,101.01,NA
2022-2023,Oct,02,ANDHRA PRADESH,0207,GUNTUR,2298330,207.601296173261,34,619,2200.682981583,8366,2,16703,2298327,1080901,67743,62938,4193,494.19559,7466.23521388302,65757,110991,80930,143604,121,130930,421071,25069,4771.35664230002,1320573,23,76.01,74.05,108.7,NA
2022-2023,Oct,02,ANDHRA PRADESH,0209,NELLORE,8153958,199.324617725434,44,1897,14709.794034032,8418,3,41570,8153935,2346166,128168,395939,23412,1207.77108,32170.3648823624,185171,281294,251202,434973,3473,336555,1037256,49988,16252.7997683304,5000960,29,48.28,71.77,101.25,NA
2022-2023,Oct,02,ANDHRA PRADESH,0213,KURNOOL,6393867,220.076326181012,37,2217,7626.222417719,4939,46,37170,6393867,1344252,101877,59658,6073,1315.67725,23013.2872622191,169795,303282,248938,487795,601,311195,963786,42109,14071.3875945001,3505968,46,47.33,79.19,100.26,NA
2022-2023,Oct,02,ANDHRA PRADESH,0221,NANDYAL,5448800,208.828694825833,36,1962,9354.958363173,4524,35,36362,5448800,1606389,110817,196331,12406,788.23121,21521.847496843,150241,259257,203688,390256,477,283455,905374,40886,11378.65792367,3293338,33,62.75,79.54,100.44,NA
2022-2023,Oct,02,ANDHRA PRADESH,0223,ANNAMAYYA,6312838,225.721871023246,48,1394,9378.045681702,8367,41,54182,6312556,1338120,65996,262707,12753,660.11408,24286.9792742922,130279,199302,188735,326170,2637,246857,757071,62549,14248.8195125902,3688377,64,49.91,72.95,100.16,NA
2022-2023,Feb,02,ANDHRA PRADESH,0201,SRIKAKULAM,17862720,175.844437142042,54,7054,15818.962706589,16621,22,60124,17862720,1715772,60972,1098503,38594,2504.02175,49733.583898848,326717,486539,379130,666062,17228,429198,768187,76745,31410.599442259,12786165,63,37.1,72.74,100.53,NA
2022-2023,Feb,02,ANDHRA PRADESH,0205,WEST GODAVARI,3367277,226.110740191603,34,1380,8378.155857427,12813,2,28187,3661579,1030560,61209,25329,1469,721.57613,17378.9553670273,105327,160727,128096,220813,351,187257,321212,41000,8279.22337960028,1997369,47,62.17,52.22,102.44,NA
2022-2023,Feb,02,ANDHRA PRADESH,0214,ALLURI SITHARAMA RAJU,10904813,225.634399966491,56,3060,17593.52933419,13271,1,54165,10904796,235878,9715,9923715,385913,1280.4358,43478.9361563599,193452,355918,215073,422503,16703,240328,526517,67436,24604.9710221699,5751530,75,59.55,74.24,101.73,NA
2022-2023,Feb,02,ANDHRA PRADESH,0215,ANAKAPALLI,10252869,187.790407125959,51,3664,11520.712579402,6026,26,25818,10252822,848949,33653,382061,16243,1019.77151,31794.3002651019,197888,296848,233215,381812,3794,288080,474163,31844,19253.8161756999,7157115,42,28.88,71.62,100.07,NA
2022-2023,Feb,02,ANDHRA PRADESH,0216,KONASEEMA,5158020,239.019178804092,41,2844,6662.295402442,10752,1,20352,5158014,2523418,115449,42347,2149,788.33387,19779.2719778421,123443,178124,150341,246356,1884,221541,353174,31104,12328.6427054001,3277293,39,68.01,68.61,101.54,NA
2022-2023,Feb,02,ANDHRA PRADESH,0220,PALNADU,7243385,182.981706150433,38,2148,11528.382471023,15811,33,24768,7243019,1814016,114345,548798,35410,939.41278,25721.194994023,186714,327281,240657,434520,1840,303821,568806,40579,13253.399743,3888188,18,63.72,71.66,107.94,NA
2022-2023,Feb,02,ANDHRA PRADESH,0222,SRI SATHYA SAI,7671955,209.770140891314,51,3533,12455.750050956,11140,0,38547,7671945,1180350,63920,497144,23415,1584.84735,30134.0472365602,149907,265702,214915,404037,7498,277796,547707,49687,16093.4498356042,4184384,61,39.89,76.84,101.25,NA
2022-2023,Feb,02,ANDHRA PRADESH,0225,PARVATHIPURAM MANYAM,9899667,190.638997421019,57,4365,8747.976436571,14079,17,42162,9899623,1241241,45761,3743188,132870,1031.24814,28651.7666122316,171344,300649,190025,369089,9534,208658,416606,56241,18872.5420356606,5879238,73,43.57,77.23,101,NA
2022-2023,Feb,02,ANDHRA PRADESH,0226,KAKINADA,6024426,225.511156129125,38,3593,8517.829860784,8584,14,26431,6024392,1747046,92028,139844,8209,874.60766,22978.1135697345,155070,226128,201813,339247,909,271573,468564,35015,13585.6760489505,3097827,50,51.23,64.04,103.33,NA
2022-2023,Jan,02,ANDHRA PRADESH,0202,VIZIANAGARAM,15061452,194.867432179183,49,7929,10549.264665203,7645,5,58973,15061452,1850476,74197,400582,17637,1969.50447,41868.6338965032,301684,472655,343377,630429,3055,379335,780560,66618,29349.8647613002,10455175,56,23.06,72.04,100.25,NA
2022-2023,Jan,02,ANDHRA PRADESH,0207,GUNTUR,2639636,209.796438201826,38,647,2420.202660783,9621,2,17243,2639633,1222340,67856,73741,4204,751.98911,8710.04778638299,69080,116782,81274,144122,444,131627,263147,26864,5537.85601559999,1529816,27,73.44,69.09,107.47,NA
2022-2023,Jan,02,ANDHRA PRADESH,0213,KURNOOL,7497522,217.68621894674,41,2399,8446.940007819,7659,44,37727,7497522,1550086,102126,75615,6085,1828.25544,26596.267604319,181083,325878,249983,489544,1192,313221,666847,45386,16321.0721565,4088430,49,47.07,74.95,100.23,NA
2022-2023,Jan,02,ANDHRA PRADESH,0215,ANAKAPALLI,9015157,187.480432479469,46,3568,10872.120367402,3958,27,27633,9015110,750142,33626,343637,16235,911.1675,28684.8550839019,192984,287816,232937,381471,1857,287383,531743,31591,16901.5672164999,6233672,42,29.01,71.73,100.09,NA
2022-2023,Jan,02,ANDHRA PRADESH,0218,NTR,6126231,213.048977333281,45,2348,5326.651678265,13509,11,24374,6126162,2476699,114064,417592,20816,517.80033,18896.1774990451,133805,232055,155635,288532,429,191731,511994,37883,13051.7254907801,3620608,42,63.33,61.67,102,NA
2022-2023,Nov,02,ANDHRA PRADESH,0204,EAST GODAVARI,3913048,218.184937810121,43,1931,5888.933364916,3847,9,24254,3913048,1525258,71865,72923,2862,812.37455,15238.9892601962,89015,124812,119776,192685,1217,182746,512579,28101,8537.68134528017,2115008,53,52.36,61.71,100.91,NA
2022-2023,Nov,02,ANDHRA PRADESH,0206,KRISHNA,5189940,238.215695156021,38,2131,7071.0405893,12525,0,45179,5189940,1947316,113395,73962,4510,897.08252,20331.3747584804,135421,238722,163262,304246,181,211900,623071,57704,12363.2516491804,2805467,33,70.88,64.22,104.13,NA
2022-2023,Nov,02,ANDHRA PRADESH,0208,PRAKASAM,13986154,198.505024264072,44,4438,19288.568200329,9308,20,47893,13986112,3604410,201504,346480,20198,1918.01298,48969.7161995293,310920,547958,382733,722558,2282,439685,1111346,57201,27763.1350192003,7944145,43,25.32,78.71,104.24,NA
2022-2023,Nov,02,ANDHRA PRADESH,0217,ELURU,11456402,201.533444808968,44,3418,8357.464311303,12280,8,45133,11192272,4097626,198698,1041253,49791,720.91139,31634.5470152926,252000,425811,300759,555974,1508,353469,1023921,57413,22556.1713139896,6393209,54,57.39,68.91,104.04,NA
2022-2023,Nov,02,ANDHRA PRADESH,0224,TIRUPATI,7963834,201.146657465884,47,2547,8331.78375547,8696,25,40193,7963779,3096292,152217,583433,30461,866.2649,25216.92392194,166471,258366,219860,391585,6248,275455,765847,48889,16018.87526647,5028152,54,50,80.74,104.07,NA
2022-2023,Nov,02,ANDHRA PRADESH,0225,PARVATHIPURAM MANYAM,7836859,198.372979627167,47,4165,7863.402596927,8358,22,43423,7836855,964012,45724,2912139,132702,697.51881,24107.1241794877,164041,284133,189634,368476,3239,207702,511306,51781,15546.2027725607,4591856,72,42.67,79.47,101.26,NA
2022-2023,June,02,ANDHRA PRADESH,0203,VISAKHAPATANAM,966119,183.523580240655,42,157,577.85334768,11,1,3548,965639,78994,4244,5809,457,171.49899,2521.52760268006,22967,32404,30092,48084,96,37511,83901,3559,1772.17526500006,704993,28,31.51,96.38,100.19,NA
2022-2023,June,02,ANDHRA PRADESH,0210,CHITTOOR,4041492,220.925348319089,36,1579,4628.085174403,54,30,71430,4041438,1298661,102700,125673,11463,350.37735,13907.023503003,109466,173811,193409,357963,489,252343,840146,71484,8928.56097860004,2444773,67,62.19,75,100.32,NA
2022-2023,June,02,ANDHRA PRADESH,0214,ALLURI SITHARAMA RAJU,6942917,213.793557326367,40,2484,4065.536117639,55,2,59361,6942896,158411,9691,6283948,383981,192.75317,19101.7536275091,173430,315133,213735,420303,1777,237291,634227,59416,14843.4643398701,3627605,74,75.26,92.27,101.6,NA
2022-2023,June,02,ANDHRA PRADESH,0224,TIRUPATI,5213109,171.229667244314,36,2192,4466.644650884,299,27,42628,5213074,2106058,151602,382840,30193,220.26186,13613.2357742839,142367,217303,218243,389147,666,272781,804142,42927,8926.32926339985,3260456,52,57.07,91.87,106.39,NA
2022-2023,July,02,ANDHRA PRADESH,0203,VISAKHAPATANAM,1004187,192.790152783635,43,158,1557.45990768,24,0,3634,1003707,81067,4245,6568,459,298.20946,3790.71762648004,23241,32851,30117,48121,150,37549,83939,3658,1935.04825880004,733656,30,32.4,95.27,100.19,NA
2022-2023,July,02,ANDHRA PRADESH,0217,ELURU,9997692,192.001444010576,40,3265,8171.39806499,1045,13,48886,9784206,3632306,198145,934478,49468,297.85977,27255.0746399594,241067,405120,298915,552886,728,350582,1044927,49931,18785.8168049694,5574664,48,65.49,91.25,104.58,NA
2022-2023,July,02,ANDHRA PRADESH,0224,TIRUPATI,6024947,186.720989885307,40,2270,8264.349022085,313,26,43781,6024900,2405429,151733,437885,30279,371.62533,19885.7272716849,149207,229279,218584,389681,1056,273332,802391,44094,11249.7529195999,3787079,52,54.28,88.88,105.62,NA
2022-2023,May,02,ANDHRA PRADESH,0202,VIZIANAGARAM,9003059,143.08828904487,32,7117,3064.269284964,87,24,47852,9003059,1057964,73981,227920,17563,213.25554,16159.8479097642,273330,407660,341592,627724,20,375745,929386,47939,12882.3230848002,6239397,44,25.85,95.15,100.03,NA
2022-2023,May,02,ANDHRA PRADESH,0208,PRAKASAM,9697706,142.124579449244,34,3922,4793.835133055,73,19,46075,9697688,2513236,200921,237001,20099,285.39436,18862.0277793548,279131,486721,381037,719908,186,436607,1172714,46148,13782.7982862998,5421363,34,25.89,94.55,106.09,NA
2022-2023,May,02,ANDHRA PRADESH,0224,TIRUPATI,3489721,135.184032862884,27,1883,4321.312629724,274,29,40756,3489712,1416213,151380,265660,30123,104.00119,9142.84723662402,124748,186882,217691,388324,92,271929,808809,41030,4717.53341690002,2175434,53,61.26,92.03,108.46,NA
2022-2023,May,02,ANDHRA PRADESH,0225,PARVATHIPURAM MANYAM,5566296,149.978104050235,36,3941,1753.1433302,27,25,44782,5566292,680448,45588,1933257,132388,68.80676,10170.1692976999,153345,259800,189099,367601,401,206678,526320,44809,8348.21920749988,3268510,69,44.02,90.84,101.03,NA
2022-2023,Sep,02,ANDHRA PRADESH,0208,PRAKASAM,13675005,195.813813059573,44,4419,19248.117110329,3378,20,52895,13674966,3517913,201464,333008,20193,1583.11713,47608.7065995292,309439,545079,382573,722303,1859,439317,1154731,56273,26777.4723592002,7750995,42,24.68,84.07,104.36,NA
2022-2023,Sep,02,ANDHRA PRADESH,0210,CHITTOOR,5648653,237.375380577058,44,1751,10195.907554494,3464,28,76841,5648567,1778320,103350,180118,11588,1069.33732,24673.5522878941,127430,206192,195322,360978,1687,255096,840911,80305,13408.3074134001,3408396,70,57.24,64.26,100.24,NA
2022-2023,Sep,02,ANDHRA PRADESH,0218,NTR,5188085,210.811943612732,41,2163,4954.700110315,4056,12,31063,5188051,2077738,113753,352087,20743,242.18869,16133.9199490348,125981,216328,154809,287274,99,190317,615500,35119,10937.0311487198,3079532,39,77.62,78.87,102.25,NA
2022-2023,Sep,02,ANDHRA PRADESH,0221,NANDYAL,5380228,207.559246709805,35,1958,9354.802363173,3193,35,36630,5380228,1592371,110794,194752,12404,788.20694,21310.170011243,149530,257826,203581,390070,428,283034,912274,39823,11167.16070807,3254565,31,63.81,82.15,100.45,NA
2022-2023,Sep,02,ANDHRA PRADESH,0222,SRI SATHYA SAI,5843076,209.185725139815,43,3162,10769.641448254,1991,0,43742,5843066,908836,63741,380099,23341,883.4018,23875.903230752,132893,233917,214050,402578,2129,274671,926324,45733,12222.859982498,3173338,58,39.6,84.84,101.69,NA
2022-2023,Aug,02,ANDHRA PRADESH,0203,VISAKHAPATANAM,1023738,194.140176846898,43,160,1557.45990768,31,0,3817,1023258,82493,4245,6581,459,325.70825,3869.72304848003,23399,33117,30126,48132,164,37612,84023,3848,1986.55489080003,748704,33,32.74,93.89,100.2,NA
2022-2023,Aug,02,ANDHRA PRADESH,0210,CHITTOOR,5168358,233.528946556994,42,1698,10188.661984494,1010,28,76398,5168272,1638303,103185,161738,11562,729.07223,22987.1453712941,121760,195857,194830,360194,1204,254361,841872,77408,12069.4111568001,3125826,69,58.41,68.6,100.26,NA
2022-2023,Aug,02,ANDHRA PRADESH,0213,KURNOOL,6233044,216.621476974976,37,2194,7571.199704907,463,46,39292,6233044,1315328,101787,55706,6070,891.76604,21965.0777182071,167773,299307,248636,487291,543,310532,982952,39755,13502.1119733001,3421026,43,50,85.02,100.26,NA
2022-2023,Aug,02,ANDHRA PRADESH,0216,KONASEEMA,4160366,240.43668748137,35,2734,5595.492904697,629,1,25332,4160360,2073461,115214,33916,2142,270.58375,15869.1084259969,116934,168024,149830,245629,356,219759,526253,25961,10003.0317712999,2642661,30,79.58,83.7,101.68,NA
2022-2023,Aug,02,ANDHRA PRADESH,0218,NTR,5091399,207.831368176963,40,2145,4933.26715159,1273,12,32856,5091375,2036403,113697,345627,20735,198.37212,15713.1135931098,125007,214481,154671,287051,79,190093,616393,34129,10581.4743215198,3021215,37,80.15,82.98,102.29,NA
2022-2023,Aug,02,ANDHRA PRADESH,0219,BAPATLA,5400214,198.700671812266,34,2063,4622.322101847,1163,4,38194,5400214,2001789,135320,177342,13359,305.88595,15658.4695491471,155809,271836,200743,372397,626,251869,671376,39357,10730.2614973001,2913147,18,76.93,91.74,107.96,NA
2022-2023,March,02,ANDHRA PRADESH,0214,ALLURI SITHARAMA RAJU,11369000,236.909361492587,60,3177,20083.561353939,15542,1,53276,11827458,250234,9718,10789166,385993,1435.69557,49539.6121525429,196284,362357,215126,422593,22663,240734,495351,68818,28020.3552286039,6243341,75,55.31,68.8,101.61,NA
2022-2023,March,02,ANDHRA PRADESH,0215,ANAKAPALLI,10741000,197.282486124421,55,3707,13080.203345094,6838,25,25369,11037018,913412,33653,406036,16249,1136.62993,35990.9367794938,200058,301299,233320,381941,7517,288551,471476,32207,21774.1035043998,7732842,41,27.89,70.2,100.07,NA
2022-2023,March,02,ANDHRA PRADESH,0223,ANNAMAYYA,8115000,231.369528854126,55,1583,12130.25411314,22273,39,51102,8339224,1727938,66330,355894,12876,1350.26513,32774.9425220302,149138,231973,190828,329108,6322,251572,441227,73375,19294.4232788902,4917231,69,51.2,63.22,100.1,NA
2022-2023,April,02,ANDHRA PRADESH,0202,VIZIANAGARAM,3663964,93.0834926544038,16,5958,2980.026847512,75,30,44993,3663964,465106,73901,95519,17557,9.42898,6400.001488312,225319,311386,341129,627001,0,375122,931081,45068,3410.5456608,2561805,43,38.93,90.94,100.07,NA
2022-2023,April,02,ANDHRA PRADESH,0207,GUNTUR,302865,105.776038829181,13,247,942.463745049,0,12,16548,302865,141688,67388,11326,4156,4.75823,1267.580575049,22297,34161,79913,142095,0,129148,425653,16548,320.3586,171581,15,75.1,74.09,108.99,NA
2022-2023,April,02,ANDHRA PRADESH,0223,ANNAMAYYA,1307753,147.838246013964,17,722,4135.229125382,4,42,42078,1307690,306752,65271,52327,12515,7.60146,6076.09654468201,72837,103841,184439,319929,0,240011,757942,42082,1933.26595930001,760790,55,61.4,90.48,100.26,NA
2022-2023,April,02,ANDHRA PRADESH,0225,PARVATHIPURAM MANYAM,2215648,97.1425719157557,18,3203,1743.5024535,8,34,41671,2215648,266597,45493,755548,132126,7.83436,3903.6742653,121531,193400,188565,366749,4,205953,527770,41679,2152.3374518,1311546,69,49.6,84.22,101.15,NA
2022-2023,April,02,ANDHRA PRADESH,0226,KAKINADA,768470,141.533937863547,11,1820,3556.913592099,61,18,23902,768470,228981,91684,16937,8136,3.44663,4648.006074399,69391,90488,199949,336458,0,267061,738153,23963,1087.6458523,417682,42,64.64,83.64,101.31,NA
2022-2023,July,02,ANDHRA PRADESH,0206,KRISHNA,4722413,234.807475127236,36,2074,6980.66535375,883,0,48516,4722413,1796833,113171,61563,4483,407.55614,18476.8002241303,129225,227916,162408,302895,140,210568,626488,49399,11088.5787303803,2515261,26,91.1,89.81,104.45,NA
2022-2023,July,02,ANDHRA PRADESH,0208,PRAKASAM,13308494,193.873450479621,43,4282,18928.708319729,600,19,48343,13308460,3419393,201189,318705,20125,777.03376,45507.3126874292,304636,535995,381854,721207,1579,438177,1169207,48943,25801.5706077002,7536777,34,24.62,91.73,104.5,NA
2022-2023,July,02,ANDHRA PRADESH,0209,NELLORE,6155277,195.023783819531,36,1702,14556.025686282,53,4,45647,6155260,1810826,127759,295962,23131,732.81197,27293.0586122121,167169,251538,249672,432793,782,334194,1059610,45700,12004.2209559301,3739811,26,46.72,70.17,101.27,NA
2022-2023,July,02,ANDHRA PRADESH,0211,Y.S.R,5206852,209.274323889917,40,2011,8106.126207349,502,15,46667,5206698,1068293,79048,76866,5188,744.25366,19746.6619038388,127767,203227,190083,353025,948,256354,759650,47169,10896.2820364898,3369869,50,49.3,85.27,100.05,NA
2022-2023,July,02,ANDHRA PRADESH,0214,ALLURI SITHARAMA RAJU,7273001,230.253843951998,41,2562,14711.291938776,81,2,60451,7272980,163712,9692,6575101,384320,368.40195,31826.009908636,175695,319837,213958,420680,2319,237761,632876,60532,16746.31601986,3802492,74,73.87,90.85,101.66,NA
2022-2023,July,02,ANDHRA PRADESH,0215,ANAKAPALLI,7595001,188.218798962894,42,3399,8712.835926,280,28,25641,7594986,608852,33485,284284,16163,307.43086,23315.4582165999,180548,266692,231806,379976,553,285302,647913,25921,14295.1914305999,5215827,30,27.43,86.81,100.1,NA
2022-2023,July,02,ANDHRA PRADESH,0218,NTR,5021710,207.831011720362,40,2130,4933.26715159,597,12,31885,5021686,2005641,113572,342005,20714,168.60891,15538.4968808098,123660,211996,154471,286738,74,189833,616930,32482,10436.6208192198,2980945,34,81.88,85.25,102.32,NA
2022-2023,July,02,ANDHRA PRADESH,0220,PALNADU,5928920,179.167984179391,34,1906,8025.518700818,230,35,36826,5928722,1464671,113772,449625,35202,261.72848,18909.618875818,172788,302550,238661,431639,413,299812,936853,37056,10622.3716950001,3197221,14,80.19,92.95,110.25,NA
2022-2023,July,02,ANDHRA PRADESH,0221,NANDYAL,5199175,203.788050066981,35,1923,9232.896948433,210,35,35903,5199175,1555347,110705,187137,12389,363.55986,20191.754160503,146988,252835,203205,389448,377,281914,913751,36113,10595.29735207,3153404,25,68.32,89.45,100.36,NA
2022-2023,July,02,ANDHRA PRADESH,0225,PARVATHIPURAM MANYAM,7464230,194.260078852924,46,4131,7724.920408127,88,24,49278,7464226,918019,45651,2708307,132558,297.07772,22522.0094414875,161981,279629,189400,368098,2269,207249,525238,49366,14500.0113133605,4381813,71,44.12,87.86,101.3,NA
2022-2023,May,02,ANDHRA PRADESH,0206,KRISHNA,3384489,177.464753352128,28,1894,3035.0672578,352,0,44426,3384489,1314941,112984,43846,4460,170.75346,9212.09577387991,117317,204604,161854,302023,3,209624,626638,44778,6006.27505607992,1806718,25,94.42,94.2,105.02,NA
2022-2023,May,02,ANDHRA PRADESH,0210,CHITTOOR,2640022,204.556598677491,28,1325,4363.120515738,12,30,68889,2639979,844749,102533,84016,11397,184.15739,9947.52915393803,94011,146283,192811,357006,62,251501,839253,68901,5400.25124820003,1593547,67,67.28,73.54,100.37,NA
2022-2023,May,02,ANDHRA PRADESH,0211,Y.S.R,3216236,173.098465987107,29,1712,4204.882776799,29,15,42535,3216104,672724,78873,48372,5166,200.65903,9972.56849534899,110843,171829,189321,351847,39,254905,761647,42564,5567.02668854999,2063001,50,55.56,92.39,100.02,NA
2022-2023,May,02,ANDHRA PRADESH,0215,ANAKAPALLI,5150318,144.51562475839,30,3144,2512.536939941,246,38,24229,5150303,413220,33454,186872,16107,95.93831,10051.4678073411,168171,242879,231358,379378,14,284547,653454,24475,7442.99255740013,3531846,30,30.69,93.8,100.14,NA
2022-2023,May,02,ANDHRA PRADESH,0221,NANDYAL,3853361,155.347558989932,28,1794,3563.599547346,34,35,32631,3853361,1173789,110542,133803,12364,124.02078,9673.72257991603,137344,233077,202456,388220,41,280217,913643,32665,5986.10225257003,2311573,24,71.28,92.85,100.18,NA
2022-2023,April,02,ANDHRA PRADESH,0201,SRIKAKULAM,2567640,79.7065828729884,13,4120,5375.944948863,0,51,49518,2567640,276415,60640,173223,38328,21.28534,7443.808393343,186309,245733,375254,660633,0,422411,1025673,49518,2046.57810448,1795788,52,71.17,86.79,100.21,NA
2022-2023,April,02,ANDHRA PRADESH,0204,EAST GODAVARI,489048,132.570704470726,14,945,3298.122412452,17,14,18334,489048,198183,71005,7774,2784,16.12711,3962.583901252,34145,41856,117012,188377,0,178537,516875,18351,648.334378799997,260691,47,59.31,65.8,103.45,NA
2022-2023,April,02,ANDHRA PRADESH,0206,KRISHNA,1177597,143.668577705277,15,1272,2966.650613,6,9,36810,1177597,472795,112748,16280,4428,43.51964,4702.00711400001,75120,125707,161087,300854,0,208540,625397,36816,1691.83686100001,639033,27,93.3,92.77,106.35,NA
2022-2023,April,02,ANDHRA PRADESH,0210,CHITTOOR,999451,176.868549120097,16,838,4306.484827138,4,31,64870,999428,310663,102323,30921,11357,11.31526,6085.473890238,61894,92065,192214,356082,0,250677,839673,64874,1767.6738031,608650,68,70.98,63.56,100.57,NA
2022-2023,April,02,ANDHRA PRADESH,0211,Y.S.R,1220121,134.642143589912,15,1171,4117.462963799,5,18,38874,1220030,263001,78692,19577,5133,21.33507,5781.472578239,78537,114544,188666,350787,0,253808,761733,38879,1642.67454444,795568,53,59.66,89.96,100,NA
2022-2023,April,02,ANDHRA PRADESH,0213,KURNOOL,1910080,133.609055819651,16,1499,2551.267088439,45,48,31465,1910080,427672,101062,12576,6015,76.97484,5180.28178183898,117229,198225,246226,483253,1,306591,987657,31510,2552.03985339998,1052126,45,57.62,93.03,100.24,NA
2022-2023,April,02,ANDHRA PRADESH,0214,ALLURI SITHARAMA RAJU,1305236,153.161447927712,14,940,3828.604995749,42,7,53371,1305224,29794,9647,1187971,378602,4.55725,5832.262222849,88951,149126,210163,414364,1,232154,634875,53413,1999.0999771,687409,74,77.69,85.2,100.65,NA
2022-2023,April,02,ANDHRA PRADESH,0216,KONASEEMA,344248,143.671534647138,9,1049,2688.759169538,134,3,19284,344242,178412,114649,2950,2101,16.58953,3199.926463838,37408,46946,148785,244065,0,217858,535412,19418,494.5777643,230179,30,80.41,81.4,100.02,NA
2022-2023,April,02,ANDHRA PRADESH,0217,ELURU,1776968,99.3097600019514,14,1779,3515.290364542,74,25,35328,1763031,684845,196433,214482,48645,40.83372,5306.985939402,125198,192726,294029,544799,0,343905,1045414,35402,1750.86185486,1006310,38,85.04,92.03,112.29,NA
2022-2023,April,02,ANDHRA PRADESH,0220,PALNADU,973005,91.002510624478,16,902,4098.478547539,69,40,29659,972989,208947,112943,78084,34819,7.70603,4991.628995639,59548,97359,235372,426865,0,294970,943530,29728,885.444418100002,511834,16,88.29,97.03,114.66,NA
2022-2023,April,02,ANDHRA PRADESH,0221,NANDYAL,1231099,110.39340853985,13,1159,3528.585151146,1,36,27666,1231099,375569,110378,49206,12327,18.89022,4906.52751974601,88158,140873,201844,387221,0,279234,914662,27667,1359.05214860001,732691,27,70.16,88.29,100.19,NA
2022-2023,Jan,02,ANDHRA PRADESH,0203,VISAKHAPATANAM,1227008,191.462166980838,47,174,1675.52248278,505,0,4100,1226524,101502,4249,7744,460,648.27147,4672.12338172005,25571,36640,30185,48219,405,37780,74073,4605,2348.32942894005,907036,44,36.1,75.69,100.17,NA
2022-2023,Jan,02,ANDHRA PRADESH,0204,EAST GODAVARI,4542119,217.888962136843,48,2012,6484.203028868,3955,9,25679,4542119,1746742,72031,83539,2872,965.65966,17346.6386369884,93541,131624,120236,193376,2348,183673,338837,29634,9896.77594812036,2454927,54,52.66,60.78,101.18,NA
2022-2023,Jan,02,ANDHRA PRADESH,0210,CHITTOOR,6896209,239.982821431531,49,1883,11375.082919171,13776,27,71720,6896111,2141212,103672,227600,11668,1575.96018,29500.5248460211,139370,227936,196291,362530,4113,256833,670952,85496,16549.4817468501,4140461,71,54.27,55.11,100.2,NA
2022-2023,Jan,02,ANDHRA PRADESH,0211,Y.S.R,6366117,215.96864954093,45,2215,9445.222801841,9234,15,50827,6365799,1322891,79372,98817,5245,2089.74988,25283.102814631,140587,225628,191342,354830,2850,259041,614601,60061,13748.13013279,4113041,59,43.13,60.87,100.05,NA
2022-2023,Jan,02,ANDHRA PRADESH,0220,PALNADU,6679027,183.618006176689,36,2071,8496.120808138,14822,35,25466,6678661,1667683,114128,502223,35332,845.0338,21604.3787756381,181708,318576,239907,433458,1128,302247,750185,40288,12263.2241675001,3592289,18,65.75,73.85,108.79,NA
2022-2023,Jan,02,ANDHRA PRADESH,0222,SRI SATHYA SAI,7113875,209.194490475208,48,3440,11795.950872774,6498,0,42825,7113865,1100430,63857,459341,23400,1370.11088,28047.8753926181,145709,258120,214689,403663,5683,277128,649930,49323,14881.8136398441,3869305,61,40.77,78.15,101.36,NA
2022-2023,Jan,02,ANDHRA PRADESH,0226,KAKINADA,5660315,226.700735108934,37,3545,7566.746721907,6979,14,27649,5660270,1639511,91996,132211,8204,777.87389,21176.4943110575,152838,222468,201670,339041,723,270981,480465,34628,12831.8736991505,2893041,49,51,64.31,103.34,NA
2022-2023,June,02,ANDHRA PRADESH,0201,SRIKAKULAM,13073998,161.963748447566,43,6556,5586.680774313,78,30,56442,13073998,1217106,60759,740946,38418,416.88877,27178.7067770729,302803,441232,376434,662346,2037,424082,1023286,56520,21175.1372327599,9193761,52,39.26,91.4,100.74,NA
2022-2023,June,02,ANDHRA PRADESH,0208,PRAKASAM,13078546,188.106694495522,43,4245,4990.039889555,109,19,48308,13078512,3375281,201138,311106,20119,467.18854,30058.7850419552,303133,532985,381722,720996,1410,437868,1172087,48417,24601.5566124002,7396527,34,24.81,93.91,104.56,NA
2022-2023,June,02,ANDHRA PRADESH,0211,Y.S.R,4792159,199.070554085423,38,1963,4423.890982349,435,16,45270,4792021,990601,78984,71005,5177,312.18464,14275.5783789388,124695,197693,189806,352597,650,255796,759653,45705,9539.50275658982,3084654,49,51.98,89.2,100.05,NA
2022-2023,June,02,ANDHRA PRADESH,0212,ANANTAPUR,7162009,210.30359379102,42,3531,6058.730416758,228,0,54877,7162003,1423722,91718,263318,16648,552.21424,21672.8943531787,168880,296813,248011,463117,751,312836,1090666,55105,15061.9496964207,4017080,51,46.81,90.75,100.15,NA
2022-2023,June,02,ANDHRA PRADESH,0218,NTR,4900510,202.272456693475,39,2101,2399.89411794,423,12,31389,4900486,1957020,113537,335406,20693,89.93108,12402.1586200598,122514,209377,154341,286538,60,189618,617256,31812,9912.33342211979,2909353,33,83.61,87.8,102.38,NA
2022-2023,June,02,ANDHRA PRADESH,0221,NANDYAL,5042754,196.215042749853,34,1907,3639.82270617,182,35,34859,5042754,1515843,110638,175845,12385,245.92506,13780.3896830399,145763,250380,202924,388979,300,281199,913350,35041,9894.64191686992,3050487,23,69.65,91.41,100.27,NA
2022-2023,June,02,ANDHRA PRADESH,0225,PARVATHIPURAM MANYAM,7297011,188.568528809967,45,4106,1801.5577716,42,24,47456,7297007,899182,45640,2631597,132519,175.58407,15737.0005886603,160818,277146,189346,368007,1921,207110,525493,47498,13759.8587470603,4284459,70,43.88,89.86,101.13,NA
2022-2023,Feb,02,ANDHRA PRADESH,0206,KRISHNA,6219983,231.663080634797,43,2274,8524.009438938,15356,0,45998,6220305,2316976,113648,91758,4556,1252.55357,24186.7131968183,142728,252081,164138,305585,493,213524,401534,61354,14410.1501878803,3388127,34,69.67,61.72,103.47,NA
2022-2023,Feb,02,ANDHRA PRADESH,0208,PRAKASAM,15564155,192.825774349505,48,4633,23885.231722416,16430,19,42903,15564096,4016381,201714,388155,20255,2633.53617,56530.3565249163,319573,564924,383279,723471,4861,440949,836049,59333,30011.5886325003,8851748,44,24.73,73.49,103.84,NA
2022-2023,Feb,02,ANDHRA PRADESH,0210,CHITTOOR,7390557,239.709940614554,51,1939,12877.147723304,21996,22,64591,7390447,2295245,103766,244966,11688,1715.55893,32308.3427681541,143700,235439,196654,363098,5240,257633,491204,86587,17715.6361148501,4452367,72,52.89,53.48,100.18,NA
2022-2023,Feb,02,ANDHRA PRADESH,0221,NANDYAL,6466125,202.194805725402,40,2097,11759.317125888,10256,34,33819,6466095,1862080,111009,239139,12449,1376.91311,26210.3384591579,159971,277814,204470,391525,1477,285708,571480,44075,13074.1082232699,3886030,37,59.01,72.59,100.42,NA
2022-2023,Dec,02,ANDHRA PRADESH,0202,VIZIANAGARAM,14048779,201.083677078984,47,7794,10386.512555203,6316,8,58662,14048779,1693831,74171,366290,17625,1751.19005,40387.5040031031,297460,462621,343225,630194,2019,379021,894281,64978,28249.8013979001,9707513,56,22.96,72.94,100.27,NA
2022-2023,Dec,02,ANDHRA PRADESH,0208,PRAKASAM,14109078,199.177803794157,45,4449,20994.257163909,11106,20,46840,14109019,3637434,201542,349462,20204,2151.74924,51248.0405850093,311638,549278,382820,722703,2523,439913,1092621,57946,28102.0341811003,8020210,44,25.13,76.32,104.2,NA
2022-2023,Dec,02,ANDHRA PRADESH,0210,CHITTOOR,6546402,241.761320456553,48,1837,11136.200589171,13276,28,70886,6546304,2034627,103606,215377,11644,1422.97349,28385.6050706711,135904,221683,196047,362145,3386,256301,791730,84162,15826.4309915001,3929559,71,54.01,56.24,100.19,NA
2022-2023,Dec,02,ANDHRA PRADESH,0213,KURNOOL,6865666,219.73190320502,39,2290,8323.099417819,7397,45,36776,6865666,1428581,102011,65217,6075,1655.50148,25064.659467319,174848,313299,249492,488709,860,312212,930470,44173,15086.0585695,3753896,48,46.21,74.67,100.24,NA
2022-2023,Dec,02,ANDHRA PRADESH,0214,ALLURI SITHARAMA RAJU,9341576,233.802298868442,49,2865,15690.057523556,9557,1,55227,9341555,211004,9712,8444655,385566,992.44662,38523.2744836159,187115,342830,214850,422131,9268,239549,595919,64784,21840.7703400599,4922099,75,68.34,84.86,101.56,NA
2022-2023,Dec,02,ANDHRA PRADESH,0217,ELURU,11758024,203.043864561872,45,3452,8764.002457327,12703,8,45504,11491085,4205987,198784,1071740,49947,841.19253,32937.1380514166,254212,429827,301085,556508,1822,354114,920475,58207,23331.9430640896,6573386,55,57.07,68.05,103.92,NA
2022-2023,Dec,02,ANDHRA PRADESH,0226,KAKINADA,5413464,232.325907502359,35,3504,7473.485821907,6810,14,27358,5413424,1576547,91976,125661,8202,670.39955,20720.6718068575,150990,219390,201588,338933,616,270491,608957,34168,12576.7864349505,2758220,49,50.91,65,102.87,NA
2022-2023,March,02,ANDHRA PRADESH,0204,EAST GODAVARI,5401000,214.055454930853,56,2150,9348.701627772,6319,5,24370,5782270,2221771,72349,106960,2890,1097.35164,22823.3176216022,102071,145701,121018,194466,10394,185694,297990,30689,12377.2643538302,3147639,54,51.95,61.36,100.96,NA
2022-2023,March,02,ANDHRA PRADESH,0210,CHITTOOR,7627000,244.498232342954,53,1985,14469.153668024,25254,20,62450,7856636,2430351,103818,259677,11700,1972.83039,35651.3201996441,146892,241397,196803,363320,8519,258421,483826,87704,19209.3361416201,4738867,72,52.96,53.96,100.17,NA
2022-2023,March,02,ANDHRA PRADESH,0213,KURNOOL,8734000,228.151410142523,47,2615,9915.365955484,14026,41,32782,9156378,1903301,102459,97051,6093,2326.99748,33132.7689604638,192921,349799,251008,491153,8165,315843,621615,46808,20890.4055249798,4998324,48,46.37,74.31,100.19,NA
2022-2023,March,02,ANDHRA PRADESH,0217,ELURU,13910000,211.267693237794,52,3719,10181.999696629,15571,2,45420,14223985,5124917,199614,1397625,50474,1270.43829,41503.1229826189,271506,463329,303509,560552,6694,359960,661029,60991,30050.6849959899,8196646,55,56.38,68.04,103.19,NA
2022-2023,March,02,ANDHRA PRADESH,0219,BAPATLA,6862000,203.654597901261,43,2239,7140.301820431,14287,1,28954,7284191,2621127,135663,258645,13468,972.31071,22947.2024218409,168385,294942,201850,374031,7787,254757,459332,43241,14834.5898914099,3968173,22,64.65,75.74,105.79,NA
2022-2023,March,02,ANDHRA PRADESH,0220,PALNADU,7511000,191.508179438923,40,2229,11901.575502455,18024,32,22821,7822907,1960424,114492,596043,35572,1047.84247,27930.9247473551,191518,336122,241269,435406,3370,306368,545865,40845,14981.5067749001,4196691,18,63.35,71.29,107.22,NA
2022-2023,March,02,ANDHRA PRADESH,0221,NANDYAL,6745000,211.718715776643,43,2162,12002.40355354,11657,31,33191,7042391,2019434,111047,259669,12459,1584.49152,28496.9548587099,163582,285369,204666,391843,4705,286624,564608,44848,14910.0597851699,4221702,36,59.09,73.27,100.4,NA
2022-2023,Aug,02,ANDHRA PRADESH,0204,EAST GODAVARI,3117593,214.856717184698,38,1822,5858.709351516,107,10,23380,3117593,1248582,71626,57032,2845,524.02607,13081.093396496,81702,113036,118982,191423,387,181252,518326,23487,6698.35797497996,1709970,46,58.12,77.22,101.11,NA
2022-2023,Aug,02,ANDHRA PRADESH,0208,PRAKASAM,13413844,193.869792696484,43,4309,19179.225761879,2505,20,49029,13413810,3444297,201403,321912,20175,996.04477,46180.5961715792,306241,538984,382395,722025,1653,438991,1166350,51534,26005.3256397002,7598788,37,24.33,89.05,104.47,NA
2022-2023,Aug,02,ANDHRA PRADESH,0211,Y.S.R,5377190,211.000805201785,41,2038,8281.354211591,822,15,48477,5377036,1105465,79129,79731,5211,955.68918,20582.6326475808,129874,206818,190377,353468,1182,256840,759953,49299,11345.5892559898,3482415,51,47.92,81.47,100.06,NA
2022-2023,Aug,02,ANDHRA PRADESH,0212,ANANTAPUR,7743605,209.520293368999,44,3648,15696.678147958,423,0,57967,7743586,1523028,91766,285369,16667,1055.4629,32976.5251524387,175053,309527,248316,463643,1223,313384,1075406,58390,16224.3841044807,4340578,53,46.13,86.69,100.29,NA
2022-2023,Aug,02,ANDHRA PRADESH,0217,ELURU,10443508,193.808556714611,41,3330,8303.200523103,2131,9,52286,10214977,3774972,198363,958626,49519,362.0115,28462.7115155325,245878,414386,299677,554150,862,351670,1044258,54417,19797.4994924295,5818350,52,66.09,87.21,104.48,NA
2022-2023,Nov,02,ANDHRA PRADESH,0203,VISAKHAPATANAM,1115796,197.898107713361,45,168,1560.13036768,327,0,4108,1115312,90727,4247,6907,459,543.97596,4311.28767078005,24554,34979,30155,48176,248,37722,82632,4435,2207.18134310005,819759,42,34.16,79.17,100.18,NA
2022-2023,Nov,02,ANDHRA PRADESH,0205,WEST GODAVARI,2951176,225.997379736846,31,1313,7354.908490027,10419,2,28709,3215303,912322,61156,22046,1464,569.85647,15191.2654906272,101726,154535,127861,220452,193,186307,604738,39128,7266.50053060019,1752309,44,62.9,57.09,102.56,NA
2022-2023,Nov,02,ANDHRA PRADESH,0210,CHITTOOR,6275693,240.770382844243,47,1811,10196.195552494,12508,28,70299,6275607,1957813,103515,204185,11628,1277.18665,26583.1852021941,133162,216743,195797,361751,2759,255852,831634,82807,15109.8029997001,3772324,70,54.09,57.76,100.2,NA
2022-2023,Nov,02,ANDHRA PRADESH,0214,ALLURI SITHARAMA RAJU,9025807,230.793124168465,48,2825,14988.399658356,7959,2,56170,9025786,199082,9709,8164328,385391,854.35504,36673.6481885159,185871,340240,214728,421931,7911,239245,609402,64129,20830.8934901599,4748966,75,70.14,86.69,101.51,NA
2022-2023,Nov,02,ANDHRA PRADESH,0215,ANAKAPALLI,8287699,190.682935749627,44,3491,9368.3140929,3148,28,27712,8287672,679761,33600,316791,16218,694.5616,25866.0519677999,187797,278792,232665,381126,1011,286680,634055,30860,15803.1762748999,5701494,41,28.27,76.5,100.09,NA
2022-2023,Nov,02,ANDHRA PRADESH,0216,KONASEEMA,4563511,243.750302120848,38,2779,5611.982154697,8658,1,19977,4563505,2247349,115326,37356,2145,517.16585,17252.705229497,120086,172896,150094,246014,925,220525,516021,28635,11123.5572248,2889348,35,69.8,71.76,101.64,NA
2022-2023,Nov,02,ANDHRA PRADESH,0219,BAPATLA,5673443,203.189188302588,35,2088,4624.116742111,7950,1,33491,5673443,2082193,135429,193221,13402,609.37627,16761.315792621,158264,276009,201073,372902,864,252477,660243,41441,11527.82278051,3075069,21,70.17,80.97,107.48,NA
2022-2023,Sep,02,ANDHRA PRADESH,0202,VIZIANAGARAM,13200286,199.47268607665,45,7656,9196.877700344,976,15,58662,13200286,1531042,74120,332084,17605,1300.50255,36828.345304344,292844,452739,342897,629700,1000,378094,920470,59638,26330.965054,9135697,53,22.86,87.8,100.29,NA
2022-2023,Sep,02,ANDHRA PRADESH,0209,NELLORE,7525660,194.922537983546,41,1824,14709.794034032,3723,4,44724,7525641,2179132,128033,361525,23351,1207.42458,30586.3890507623,180064,272908,250798,434390,2400,335818,1045631,48447,14669.1704367303,4605318,28,47.13,70.74,101.37,NA
2022-2023,Sep,02,ANDHRA PRADESH,0213,KURNOOL,6331779,219.192364872497,37,2207,7626.222417719,2841,46,38113,6331779,1333154,101861,58133,6073,1315.67725,22820.6757963191,169023,301716,248852,487643,569,310978,979421,40954,13878.7761286001,3471922,44,47.68,80.8,100.26,NA
2022-2023,Sep,02,ANDHRA PRADESH,0219,BAPATLA,5514611,201.25358280031,35,2067,4624.116742111,2807,3,37399,5514611,2033179,135361,183989,13377,516.18062,16238.649577111,156855,273579,200854,372573,736,252066,667583,40206,11098.352215,2979968,19,72.87,85.78,107.75,NA
2022-2023,Sep,02,ANDHRA PRADESH,0224,TIRUPATI,7328611,194.427464109173,45,2460,8330.64244547,1876,26,45023,7328558,2881838,152069,531491,30417,697.18896,23276.56088064,161242,249372,219484,391001,3417,274701,794273,46899,14248.72947517,4628487,53,52.03,85.07,104.52,NA
2022-2023,Oct,02,ANDHRA PRADESH,0203,VISAKHAPATANAM,1082101,197.162903726555,44,166,1560.13036768,305,0,4046,1081617,87755,4247,6755,459,413.23598,4105.91383208005,24253,34505,30147,48162,210,37661,83600,4351,2132.54748440005,793279,41,34.48,84.03,100.19,NA
2022-2023,Oct,02,ANDHRA PRADESH,0210,CHITTOOR,5981562,239.831433850109,45,1782,10196.195552494,8445,28,73420,5981476,1873936,103427,192826,11601,1082.19313,25623.8483386941,130736,212272,195557,361356,2118,255466,838507,81865,14345.4596562001,3601021,70,56.38,61.41,100.22,NA
2022-2023,Oct,02,ANDHRA PRADESH,0212,ANANTAPUR,8128005,215.480759217313,44,3782,15732.906195608,7909,0,52834,8127947,1590509,91808,300560,16683,1664.40375,34911.4718499888,181671,323701,248601,464108,1635,313852,1045107,60743,17514.1619043808,4548748,54,46.5,83.38,100.28,NA
2022-2023,Oct,02,ANDHRA PRADESH,0219,BAPATLA,5574051,202.701188623857,35,2081,4624.116742111,6277,1,34502,5574051,2049377,135371,187908,13392,516.18062,16438.964993611,157449,274557,200950,372724,783,252254,662930,40779,11298.6676315,3016433,20,72.14,83.93,107.64,NA
2022-2023,Oct,02,ANDHRA PRADESH,0220,PALNADU,6106063,183.798808269816,34,1933,8064.192989118,11081,35,28349,6105820,1518742,113870,461175,35264,555.78343,19842.4008142181,175271,306973,239091,432278,488,300871,888996,39430,11222.4243951001,3294599,18,75.53,85.94,109.91,NA
2022-2023,Oct,02,ANDHRA PRADESH,0222,SRI SATHYA SAI,5992984,209.268726356864,44,3193,10769.641448254,5244,0,41781,5992974,930984,63756,387729,23348,890.01088,24201.072688952,134759,237534,214148,402743,2293,275035,919356,47025,12541.420360698,3253655,59,40.21,83,101.64,NA
2022-2023,Oct,02,ANDHRA PRADESH,0224,TIRUPATI,7663574,198.692341322178,46,2514,8331.78375547,5638,25,42429,7663519,2989509,152177,558458,30443,708.00258,24266.61166424,164221,254404,219742,391403,4292,275168,788210,48067,15226.82532877,4839888,54,51.76,84.15,104.27,NA
2022-2023,Oct,02,ANDHRA PRADESH,0226,KAKINADA,5015543,230.620421713026,33,3441,7154.672638007,5163,15,26855,5015508,1476461,91937,113266,8197,458.69385,19180.1521886575,147569,213630,201361,338593,395,269677,717957,32018,11566.7857006505,2563747,46,54.17,73.02,102.74,NA
2022-2023,May,02,ANDHRA PRADESH,0207,GUNTUR,1630322,122.620608531215,27,569,943.826791449,52,11,20928,1630319,774322,67600,44580,4176,84.08119,3027.01506024902,59281,99294,80510,142955,18,130085,425996,20980,1999.10707880002,927321,13,91.44,93.19,111.48,NA
2022-2023,May,02,ANDHRA PRADESH,0222,SRI SATHYA SAI,3860242,161.176249970572,33,2711,4344.347521245,30,4,40489,3860232,618054,63588,241219,23223,127.80042,10693.925119009,114217,198229,213153,401065,67,272764,972934,40519,6221.777177764,2094136,55,42.76,92.21,102.59,NA
2022-2023,May,02,ANDHRA PRADESH,0223,ANNAMAYYA,3266126,182.669093057918,32,1080,4140.136913282,21,42,45023,3266009,736412,65455,132836,12553,100.84716,10206.973092772,100756,150028,185282,321205,53,241247,757272,45044,5965.98901948996,1890833,54,57.35,92.3,100.28,NA
2022-2023,Jan,02,ANDHRA PRADESH,0209,NELLORE,9034273,197.830078841763,46,2005,16088.186434048,11504,3,40555,9034210,2582817,128461,451581,23505,1764.85551,35725.4267097784,194049,296429,252028,436190,4820,338447,679842,52059,17872.3847657304,5541991,30,47.12,68.28,101.12,NA
2022-2023,Jan,02,ANDHRA PRADESH,0216,KONASEEMA,4868796,241.158928641409,39,2807,5815.376208697,10000,1,20178,4868790,2384743,115368,39909,2146,701.65567,18258.5536804971,121858,175726,150188,246140,1461,220997,420155,30178,11741.5218018001,3082981,37,68.5,69.52,101.63,NA
2022-2023,Jan,02,ANDHRA PRADESH,0217,ELURU,12323676,201.704929041556,46,3528,8806.893237327,12941,8,45951,12044388,4398248,198969,1123762,50264,997.88481,34098.9023162167,258516,437885,301726,557629,2628,355295,797168,58892,24294.1242688897,6904540,55,57.18,68.05,103.7,NA
2022-2023,Jan,02,ANDHRA PRADESH,0224,TIRUPATI,8633278,201.958688976197,50,2658,9624.561679044,10501,23,39892,8633217,3349909,152329,641456,30514,1153.22355,28213.3170987141,171451,267299,220112,391966,12225,276025,697464,50393,17435.5318696701,5450756,55,49.21,77.87,103.68,NA
2022-2023,Jan,02,ANDHRA PRADESH,0225,PARVATHIPURAM MANYAM,8695510,192.748152696596,51,4275,8415.878539527,9118,21,45088,8695466,1099734,45743,3301072,132805,919.82047,26096.0490928876,167448,292165,189822,368783,6332,208176,485814,54206,16760.3500833606,5119322,73,43.47,77.88,101.14,NA
2022-2023,Feb,02,ANDHRA PRADESH,0202,VIZIANAGARAM,17482706,196.403707303095,56,8144,11062.131182421,11787,3,55725,17482706,2122437,74236,458874,17640,2146.68276,47545.4966633215,308382,488975,343743,630973,6485,380243,715576,67512,34336.6827209005,12255395,56,22,73.86,100.21,NA
2022-2023,Feb,02,ANDHRA PRADESH,0211,Y.S.R,6801748,215.168837439755,47,2255,11730.723745634,13995,15,47296,6801300,1420736,79403,108420,5248,2279.60729,28644.609176424,143636,230974,191467,355016,4255,260033,505300,61291,14634.2781407901,4404016,60,43,59.85,100.05,NA
2022-2023,Feb,02,ANDHRA PRADESH,0213,KURNOOL,8347827,215.740041037026,44,2512,9357.956853905,11574,43,34391,8347827,1729335,102349,89414,6091,2027.94144,29395.5036894049,187820,339079,250691,490660,2267,314568,647896,45965,18009.6053954999,4555272,49,46.79,74.51,100.22,NA
2022-2023,Feb,02,ANDHRA PRADESH,0224,TIRUPATI,9383162,203.266820346175,53,2731,11099.010275843,17216,23,33846,9383101,3646721,152479,703810,30577,1318.67996,31490.4212884132,176461,276359,220410,392406,18336,276691,501318,51062,19072.7310525702,5937136,55,48.17,76.65,103.32,NA
2022-2023,July,02,ANDHRA PRADESH,0201,SRIKAKULAM,13420104,170.995743099754,44,6589,13125.590460468,128,29,57709,13420104,1244240,60780,759544,38457,806.24081,36879.6378300278,304227,444136,376655,662652,2334,424430,1021683,57837,22947.8065595598,9443952,52,38.84,89.33,100.73,NA
2022-2023,July,02,ANDHRA PRADESH,0207,GUNTUR,2154692,204.26455604962,33,611,2146.866036764,169,2,22120,2154689,1024763,67685,57238,4190,232.87284,6781.004796864,63724,107621,80738,143311,90,130569,425832,22289,4401.2659201,1228665,14,87.98,89.32,109.36,NA
2022-2023,July,02,ANDHRA PRADESH,0213,KURNOOL,6110771,215.861839787484,36,2179,7422.240326107,154,46,38012,6110771,1292255,101715,52970,6066,726.85273,21339.915761907,166301,296448,248371,486843,503,309985,984140,38166,13190.8227058,3357525,41,51.94,88.89,100.24,NA
2022-2023,July,02,ANDHRA PRADESH,0216,KONASEEMA,4039172,241.650528438295,34,2721,5530.254929447,334,1,24886,4039166,2020615,115169,32945,2140,232.99789,15523.9188029469,116137,166775,149722,245460,176,219524,527588,25220,9760.66598349994,2567210,28,81.35,85.87,101.68,NA
2022-2023,July,02,ANDHRA PRADESH,0219,BAPATLA,5305365,197.728805254683,34,2054,4555.758008797,979,4,37117,5305365,1972946,135279,172692,13346,246.05861,15292.0514476971,154273,269334,200624,372212,513,251662,671882,38096,10490.2348289001,2859030,15,78.58,94.19,108.08,NA
2022-2023,April,02,ANDHRA PRADESH,0212,ANANTAPUR,2142268,125.150086393727,18,2385,5630.658474738,25,1,47821,2142262,452521,91597,80568,16577,192.00169,8503.70290851798,116037,190714,247141,461665,1,311503,1095167,47846,2681.04274377998,1214543,52,53.13,90.32,100.1,NA
2022-2023,April,02,ANDHRA PRADESH,0215,ANAKAPALLI,2196344,102.856645775747,16,2462,2503.716113741,242,50,23019,2196329,178154,33421,87351,16069,12.96885,4775.755303341,131930,178503,230935,378765,0,283993,655401,23261,2259.0703396,1530994,31,35.89,90.97,100.03,NA
2022-2023,April,02,ANDHRA PRADESH,0218,NTR,1364385,120.991367630449,16,1394,2132.89044584,1,13,25821,1364381,568393,113064,100028,20606,9.5696,3793.24327743,80837,128795,153133,284669,0,187965,618415,25822,1650.78323159,796866,33,88.96,91.9,104.27,NA
2022-2023,March,02,ANDHRA PRADESH,0206,KRISHNA,6620000,236.202411553249,47,2362,8792.288228938,15782,0,46472,6973625,2589301,113756,103123,4564,1340.19401,26604.3526616182,147412,261050,164557,306195,2051,214579,390105,62254,16471.8704226802,3788379,34,71.21,63.67,103.12,NA
2022-2023,March,02,ANDHRA PRADESH,0209,NELLORE,10656000,204.453937758104,54,2144,18122.020011034,14418,3,39848,11314388,3195443,128851,559589,23667,2129.6833,43384.4151102644,207929,321060,253403,438166,17411,342212,594360,54266,23132.7117992304,7003641,30,43.57,65.34,100.87,NA
2022-2023,March,02,ANDHRA PRADESH,0225,PARVATHIPURAM MANYAM,10353000,202.032018386034,61,4418,10701.572907382,16083,16,40851,10722050,1336654,45770,3993933,132891,1136.5716,33500.1185347417,173161,305267,190082,369174,12675,209017,410326,56934,21661.9740273597,6400023,74,41.18,73.55,100.92,NA
2022-2023,March,02,ANDHRA PRADESH,0226,KAKINADA,6284000,230.928427212196,41,3657,9954.59901612,9149,14,26288,6591598,1914590,92045,150879,8211,1022.58744,26199.0600456706,157729,231006,201888,339366,2409,272284,455058,35437,15221.8735895506,3394832,49,51.13,64.34,103.05,NA
2022-2023,Oct,02,ANDHRA PRADESH,0202,VIZIANAGARAM,13391153,200.228085514369,45,7693,9196.978370344,3368,10,58348,13391153,1556443,74132,337139,17607,1300.50255,37310.330200544,294359,455947,343011,629864,1127,378417,910010,61716,26812.8492802,9255352,54,23.77,85.36,100.29,NA
2022-2023,Oct,02,ANDHRA PRADESH,0214,ALLURI SITHARAMA RAJU,8222498,227.668161718907,45,2708,14899.057282576,5893,2,57439,8222477,182331,9702,7425569,384979,683.96459,34302.9841062359,181814,332229,214455,421472,5121,238661,620636,63332,18719.9622336599,4314644,75,70.74,87.36,101.6,NA
2022-2023,Oct,02,ANDHRA PRADESH,0217,ELURU,11161375,200.263924973709,43,3390,8357.464311303,9333,8,47414,10902832,3997004,198625,1009258,49771,597.20206,30789.1056677925,250331,422705,300461,555488,1281,352902,1031517,56747,21834.4392964895,6223662,54,65,79.12,104.17,NA
2022-2023,Aug,02,ANDHRA PRADESH,0202,VIZIANAGARAM,12988604,198.291782960663,44,7620,9186.389160344,387,17,55788,12988604,1505814,74061,327228,17579,761.79592,35703.519533644,290734,448121,342333,628839,889,377121,922121,56175,25755.3344533,9006405,50,22.07,90.55,100.29,NA
2022-2023,Aug,02,ANDHRA PRADESH,0207,GUNTUR,2186514,204.640206374448,34,614,2195.821711583,448,2,22579,2186511,1037905,67698,58598,4191,317.55348,6987.855814383,64233,108452,80780,143374,101,130663,425650,23027,4474.4806228,1248637,17,85.19,85.99,109.23,NA
2022-2023,Aug,02,ANDHRA PRADESH,0214,ALLURI SITHARAMA RAJU,7371438,230.131288313495,41,2571,14806.341284576,138,2,61527,7371417,166508,9693,6657275,384455,441.65601,32211.934203636,176414,321268,214057,420841,2567,237963,631066,61665,16963.93690906,3855109,75,72.98,89.87,101.69,NA
2022-2023,Aug,02,ANDHRA PRADESH,0225,PARVATHIPURAM MANYAM,7544787,195.419142245185,46,4133,7837.032557127,119,24,50244,7544783,927889,45660,2740064,132596,352.94394,22933.9267199875,162525,280802,189457,368191,2418,207362,524589,50363,14743.9502228605,4427738,71,43.97,85.95,101.31,NA
2022-2023,Sep,02,ANDHRA PRADESH,0211,Y.S.R,5616838,213.087760337257,41,2121,8303.881855591,2388,15,52774,5616672,1157285,79267,83975,5224,1376.39046,21648.7128858808,134528,214902,190872,354154,1382,257636,758301,55162,11968.4405702898,3630449,56,47.64,77.78,100.06,NA
2022-2023,Sep,02,ANDHRA PRADESH,0215,ANAKAPALLI,7826767,189.943184346456,42,3439,8925.2472329,2212,28,26606,7826752,630286,33548,295093,16188,396.56634,24188.1955525999,183153,271150,232285,380601,692,285991,645280,28818,14866.3819796999,5371949,37,27.5,82.72,100.1,NA
2022-2023,Sep,02,ANDHRA PRADESH,0216,KONASEEMA,4325701,242.580560106526,36,2750,5595.492904697,4380,1,22857,4325695,2144290,115270,35154,2143,440.16164,16528.949704197,118482,170374,149959,245821,557,220064,525555,27237,10493.2951595,2743972,33,74.71,77.88,101.72,NA
2022-2023,Sep,02,ANDHRA PRADESH,0226,KAKINADA,4893613,230.298258649601,33,3416,7140.643638007,1801,15,29461,4893613,1450190,91927,110907,8197,364.63577,18775.1849320575,146420,211603,201251,338412,287,269408,731102,31262,11269.9055240505,2502842,45,54.7,75.67,102.72,NA
2022-2023,June,02,ANDHRA PRADESH,0209,NELLORE,5449662,182.533723626839,33,1625,9993.74764334299,41,5,44679,5449650,1628559,127577,262614,23065,529.71828,20470.914992973,160322,240105,249216,432116,432,333475,1060538,44720,9947.44906963004,3307447,26,50.67,75.89,100.98,NA
2022-2023,June,02,ANDHRA PRADESH,0213,KURNOOL,5923935,204.417779950321,35,2151,2783.290396765,123,46,37284,5923935,1259953,101644,51064,6061,461.13403,15354.0008394651,164652,293163,248010,486237,408,309236,985166,37407,12109.5764127001,3257360,41,53.59,92.47,100.21,NA
2022-2023,June,02,ANDHRA PRADESH,0216,KONASEEMA,3850787,228.576277438263,33,2705,2933.998470448,165,1,24382,3850781,1936473,115132,31400,2138,157.18262,11893.1529525479,115269,165368,149625,245324,96,219246,534835,24547,8801.9718620999,2451965,27,81.82,86.69,101.71,NA
2022-2023,June,02,ANDHRA PRADESH,0220,PALNADU,5839531,173.221447199221,33,1898,4167.546709539,218,36,36518,5839355,1449719,113715,442116,35178,140.9405,14423.502447639,171844,300821,238449,431325,370,299380,942131,36736,10115.0152381,3149303,13,83.91,97.35,110.13,NA
2022-2023,Nov,02,ANDHRA PRADESH,0212,ANANTAPUR,8541045,212.984666546394,46,3891,15733.078445608,11150,0,50220,8540969,1663065,91834,317629,16690,1990.33675,35914.3695400889,185097,330792,248693,464271,2109,314045,1019050,61370,18190.9543444809,4774396,55,44.46,77.4,100.26,NA
2022-2023,Nov,02,ANDHRA PRADESH,0213,KURNOOL,6527106,219.409956276182,38,2237,7626.222417719,6598,46,36783,6527106,1366660,101929,61734,6073,1495.78369,23443.126528419,171201,306073,249094,488062,664,311517,953789,43381,14321.1204207,3575950,47,46.62,76.8,100.25,NA
2022-2023,Nov,02,ANDHRA PRADESH,0220,PALNADU,6216875,184.771830949984,35,1945,8064.192989118,13422,35,26312,6216598,1549605,113886,468802,35274,660.17776,20210.8926965181,176053,308391,239218,432465,590,301097,868556,39734,11486.5219474001,3353757,18,69.13,78.11,109.67,NA
2022-2023,Dec,02,ANDHRA PRADESH,0205,WEST GODAVARI,3058222,228.517330046056,32,1323,7583.295163827,11212,2,28713,3325136,936696,61176,22878,1466,613.66794,15795.4751114272,102639,156154,127940,220589,225,186579,573611,39925,7598.51200760024,1814590,45,61.89,53.85,102.63,NA
2022-2023,Dec,02,ANDHRA PRADESH,0206,KRISHNA,5412824,239.288944676206,39,2156,7572.47060615,12923,0,45621,5412824,2018786,113445,78354,4517,1029.54442,21554.3044529304,136806,241325,163454,304547,227,212228,605031,58544,12952.2894267804,2934432,33,71.24,63.38,103.98,NA
2022-2023,Dec,02,ANDHRA PRADESH,0207,GUNTUR,2483822,211.718535505203,36,628,2414.151870783,9512,2,16883,2483819,1152611,67787,69322,4194,668.93125,8341.78833218298,67511,113917,81081,143827,299,131262,359113,26395,5258.70521139998,1435615,26,73.21,69.4,107.92,NA
2022-2023,Dec,02,ANDHRA PRADESH,0211,Y.S.R,6109014,218.484183428974,44,2180,9015.860161841,8365,15,50226,6108735,1264524,79346,93548,5245,1883.25374,24245.7336844309,138277,221598,191216,354646,2100,258574,741630,58591,13346.6197825899,3944273,59,43.24,62.62,100.05,NA
2022-2023,Dec,02,ANDHRA PRADESH,0215,ANAKAPALLI,8465666,193.154939826038,44,3503,10548.972312677,3532,27,27708,8465622,696716,33612,323453,16225,795.44302,27696.1824126769,189209,280954,232776,381270,1269,286978,611327,31240,16351.7670799999,5831453,41,28.86,73.8,100.09,NA
2022-2023,Dec,02,ANDHRA PRADESH,0218,NTR,5690195,214.701737518137,43,2239,5298.946038265,13249,11,24151,5690138,2293605,113951,385510,20779,453.63393,17969.4051214448,129804,223733,155237,287913,279,191054,577299,37400,12216.8251531798,3374502,42,63.47,61.96,102.01,NA
2022-2023,Feb,02,ANDHRA PRADESH,0203,VISAKHAPATANAM,1435230,190.556053527252,53,191,1783.448655685,648,0,3989,1434746,119488,4257,8808,466,673.40258,5190.8465914251,26727,38610,30346,48432,816,37988,61173,4637,2733.9953557401,1068224,44,35.44,77.74,100.15,NA
2022-2023,Feb,02,ANDHRA PRADESH,0207,GUNTUR,2840134,207.946810133054,40,657,2942.251385265,9921,1,17123,2840131,1318718,67902,78891,4206,807.72982,9655.94302336501,70180,118698,81373,144267,614,131980,233249,27044,5905.96181810001,1652274,28,70.97,66.79,107.01,NA
2022-2023,Feb,02,ANDHRA PRADESH,0209,NELLORE,10129642,196.060667802651,50,2078,17162.546129377,13027,3,39799,10129584,2879482,128692,501717,23600,1917.89872,38940.5748854075,202031,310088,252822,437319,7611,340134,596765,52826,19860.1300360305,6249895,30,46.68,68.7,100.98,NA
2022-2023,Feb,02,ANDHRA PRADESH,0212,ANANTAPUR,10194963,207.598578408809,51,4215,20215.361954901,18296,0,44604,10194838,1971250,91983,395210,16733,2683.15136,44062.852073982,197463,355023,249375,465429,4698,316160,642957,62900,21164.338759081,5722437,55,42.4,73.46,100.4,NA
2022-2023,Feb,02,ANDHRA PRADESH,0219,BAPATLA,6535229,199.154437641129,39,2192,6012.824043114,12374,1,30500,6535229,2364966,135577,228830,13448,872.48925,19900.511856624,164367,286964,201553,373599,2548,253695,461638,42874,13015.19856351,3559840,22,67.2,77.23,106.44,NA
2022-2023,July,02,ANDHRA PRADESH,0204,EAST GODAVARI,3046418,216.036600597159,37,1805,5831.137376566,41,10,22705,3046418,1224034,71560,56183,2838,422.18467,12834.699933746,80794,111582,118649,190908,348,180774,517841,22746,6581.37788717996,1672625,45,59.32,79.84,101.09,NA
2022-2023,July,02,ANDHRA PRADESH,0205,WEST GODAVARI,2577897,223.387340473175,29,1223,7228.413026982,167,2,31109,2791380,804848,60848,18494,1441,294.85766,13758.8602314821,95856,144132,126487,218134,97,183840,605827,31276,6235.58954450011,1517839,31,77.41,81.65,102.62,NA
2022-2023,July,02,ANDHRA PRADESH,0210,CHITTOOR,4639415,232.44022150143,40,1635,9985.884448894,406,28,73480,4639338,1479139,102906,144001,11496,565.62323,21335.195202294,115206,184008,193966,358871,838,253203,840896,73886,10783.6875234,2809076,68,59.67,72.5,100.28,NA
2022-2023,May,02,ANDHRA PRADESH,0201,SRIKAKULAM,8750108,115.083337462807,30,6127,5468.627315263,17,34,52956,8750108,841725,60711,521915,38373,229.74142,15768.2850532631,283151,403255,375893,661563,157,423233,1024669,52973,10069.9163180001,6088262,52,44.42,91.74,100.54,NA
2022-2023,May,02,ANDHRA PRADESH,0203,VISAKHAPATANAM,686906,144.305678015719,32,144,517.39541008,0,2,3471,686636,59219,4240,4317,456,139.98599,1648.23613538001,21392,29633,30049,48025,8,37451,83816,3471,990.85473530001,500246,29,38.76,98.55,100.13,NA
2022-2023,May,02,ANDHRA PRADESH,0204,EAST GODAVARI,1867435,160.031277570571,26,1620,3298.122412452,22,12,20438,1867435,761840,71274,33665,2809,162.28923,6448.891730752,69902,94256,117729,189503,70,179461,517407,20460,2988.4800883,1027974,46,63.51,85.65,101.8,NA
2022-2023,May,02,ANDHRA PRADESH,0205,WEST GODAVARI,1602476,164.323410487312,20,1078,3504.16759734,39,10,28149,1731559,501172,60635,11334,1434,108.44459,6457.96899073999,85081,126253,125724,216917,6,182485,603894,28188,2845.35680339999,955110,32,87.15,93.35,103.94,NA
2022-2023,May,02,ANDHRA PRADESH,0212,ANANTAPUR,5422822,165.294385197838,34,3256,5741.449002008,45,0,51831,5422816,1098553,91680,200636,16611,390.42599,15095.485359618,155623,269502,247632,462485,48,312179,1092780,51876,8963.61036760999,3040780,50,48.52,93.27,100.22,NA
2022-2023,May,02,ANDHRA PRADESH,0214,ALLURI SITHARAMA RAJU,4389913,184.499407588463,29,1838,3828.676995749,49,4,57116,4389901,106028,9676,3964790,381739,94.5475,12022.565834469,149429,266096,212250,417841,232,234943,635389,57165,8099.34133872001,2294428,74,78.04,92.48,101.48,NA
2022-2023,May,02,ANDHRA PRADESH,0217,ELURU,6722449,136.167305179768,30,2951,3527.425074542,256,16,38303,6593363,2520408,197310,640882,49167,115.63158,12621.0613723619,214234,354180,296474,548819,82,347047,1047468,38559,8978.00471781993,3739478,37,69.32,95.59,106.07,NA
2022-2023,May,02,ANDHRA PRADESH,0218,NTR,3718696,147.868872856296,32,1925,2243.47057114,227,12,29170,3718682,1498883,113387,257513,20660,42.63652,7784.88024964997,113567,190835,153938,285920,9,188998,619868,29397,5498.77315850997,2196958,32,85.86,90.07,103.22,NA
2022-2023,May,02,ANDHRA PRADESH,0219,BAPATLA,3422066,126.93494493385,25,1784,1808.834570402,124,13,34396,3422066,1290091,135133,113124,13267,58.83959,6211.47175310199,131871,227932,199878,371118,51,250405,672880,34520,4343.79759269999,1832678,15,82.16,97,112.31,NA
2022-2023,May,02,ANDHRA PRADESH,0220,PALNADU,4110906,99.5776599778729,27,1625,4117.519221739,174,36,34756,4110756,998179,113482,335003,35086,46.7131,8257.62695393901,147830,256137,237500,429977,39,297825,945502,34930,4093.39463220001,2204810,14,86.84,98.45,114.15,NA
2022-2023,May,02,ANDHRA PRADESH,0226,KAKINADA,3130287,166.716568851352,24,3056,3619.175942099,85,15,26347,3130287,955010,91821,68896,8179,80.40757,8918.29059369894,129008,182670,200418,337154,18,267790,737400,26432,5218.70708159993,1661846,41,63.76,94.33,103.47,NA
2022-2023,March,02,ANDHRA PRADESH,0202,VIZIANAGARAM,18683000,208.122950743931,62,8256,11461.08023419,12806,3,55134,19534484,2306022,74243,498440,17643,2375.64396,54492.468707591,311719,499040,343885,631165,14109,381117,713231,67940,40655.744513401,13758658,56,20.62,75.11,100.18,NA
2022-2023,March,02,ANDHRA PRADESH,0203,VISAKHAPATANAM,1519000,204.56272811502,57,203,1967.688113767,722,0,3944,1566508,129520,4259,9543,466,787.10837,5959.28798470703,27283,39654,30378,48474,1886,38083,60558,4666,3204.49150094003,1167380,44,33.26,77.14,100.13,NA
2022-2023,March,02,ANDHRA PRADESH,0208,PRAKASAM,16050000,195.617510702863,51,4745,24136.480299048,19483,19,40229,16617522,4252190,201802,417909,20260,2895.04599,59538.3091659485,323071,572703,383484,723819,9705,441922,832618,59712,32506.7828769006,9459859,44,24.48,71.57,103.6,NA
2022-2023,March,02,ANDHRA PRADESH,0212,ANANTAPUR,10452000,215.250589988833,53,4314,20578.64263395,20465,0,42777,10830656,2090274,92024,417590,16735,2969.4069,46861.100473611,201190,362976,249536,465696,6770,316858,616600,63242,23313.050939661,6085306,55,41.33,71.07,100.37,NA
2022-2023,March,02,ANDHRA PRADESH,0218,NTR,6979000,220.557090500483,51,2493,6578.980916306,15420,10,23591,7245453,2919804,114637,508673,20969,661.91696,23221.258206686,141158,245738,156878,290413,1186,194776,358651,39011,15980.36033038,4285289,42,61.85,60.83,101.68,NA
2022-2023,March,02,ANDHRA PRADESH,0222,SRI SATHYA SAI,7794000,214.375916428808,52,3579,13448.77817537,12243,0,37653,7970756,1221980,63930,513495,23417,1789.41026,32325.5696566742,151518,269017,214985,404157,10319,278319,537682,49896,17087.3812213042,4351461,61,42.55,77.31,101.2,NA
2022-2023,Jan,02,ANDHRA PRADESH,0205,WEST GODAVARI,3195237,226.381556939937,33,1350,7758.599223827,11759,2,28866,3474495,976888,61198,24070,1466,669.70218,16293.9172806273,103944,158468,128010,220682,265,186884,501768,40625,7865.61587680026,1896685,46,62.06,52.64,102.55,NA
2022-2023,Jan,02,ANDHRA PRADESH,0206,KRISHNA,5731942,235.141357811723,41,2200,7582.34835615,13853,0,46118,5731942,2140748,113535,83614,4523,1148.81555,22209.3301539305,139430,246216,163738,304971,289,212718,515632,59971,13478.1662477805,3118108,34,71.53,63.24,103.75,NA
2022-2023,Jan,02,ANDHRA PRADESH,0208,PRAKASAM,14485173,196.766728472419,46,4518,21603.51811744,11961,20,46753,14485114,3742905,201612,360343,20238,2415.57103,52520.9740807404,314332,554597,382961,722956,2941,440280,921285,58714,28501.8849333004,8231001,44,24.93,74.66,104.1,NA
2022-2023,Jan,02,ANDHRA PRADESH,0219,BAPATLA,6048383,201.471524458851,37,2142,5471.959038731,8960,1,33462,6048383,2211780,135500,207885,13426,780.21927,18437.947743941,161115,281138,201292,373225,1499,252957,552805,42422,12185.76943521,3285271,22,68.94,78.84,107,NA
2022-2023,Aug,02,ANDHRA PRADESH,0205,WEST GODAVARI,2614541,222.705719217512,29,1234,7254.362605782,195,2,31821,2843069,821541,60900,18976,1446,340.51416,13926.5540300821,96595,145489,126769,218614,108,184275,606413,32016,6331.67726430012,1544898,32,75.13,78.24,102.87,NA
2022-2023,Aug,02,ANDHRA PRADESH,0220,PALNADU,5968216,179.661639772173,34,1914,8059.294669018,304,35,37416,5968012,1474831,113815,451726,35209,310.3774,19091.9002900181,173417,303683,238844,431913,429,300122,931351,37720,10722.2282210001,3218342,15,79.27,91.78,110.23,NA
2022-2023,Aug,02,ANDHRA PRADESH,0226,KAKINADA,4769442,228.426759263671,32,3390,7117.332626007,611,15,28949,4769442,1425055,91904,109676,8196,286.08533,18298.0997515674,144850,208995,200965,337982,214,268922,733051,29560,10894.6817955604,2441026,42,59.74,84.49,102.79,NA
2022-2023,April,02,ANDHRA PRADESH,0203,VISAKHAPATANAM,284297,105.889359658931,16,111,512.23848938,0,2,3238,284286,23562,4234,1476,456,40.0478,853.31491437999,17524,22744,30003,47966,0,37389,83749,3238,301.02862499999,211936,26,45.77,99.39,100,NA
2022-2023,April,02,ANDHRA PRADESH,0205,WEST GODAVARI,216702,126.566467550599,8,322,3503.60877734,8,26,23093,230636,69435,60180,1736,1419,10.30651,3805.82312544,27323,38019,124522,215053,0,180900,603656,23101,291.907838099998,124609,36,83.09,72.34,107.95,NA
2022-2023,April,02,ANDHRA PRADESH,0209,NELLORE,1193262,114.368840344572,13,844,8677.905913138,10,24,39301,1193251,369175,127107,62321,22893,211.84708,10254.460324238,85547,117486,247697,429884,0,331269,1063394,39311,1364.70733110001,740607,27,59.29,75.54,102.43,NA
2022-2023,April,02,ANDHRA PRADESH,0219,BAPATLA,852190,106.583971931143,16,807,1769.531024442,4,21,27803,852190,320699,134803,32102,13172,6.00127,2683.83024484201,52994,85666,198739,369341,1,248809,671926,27807,908.297950400007,449834,18,81.61,91.38,103.04,NA
2022-2023,April,02,ANDHRA PRADESH,0224,TIRUPATI,1102345,108.595332303399,14,1066,4311.286099724,197,39,38308,1102336,429582,151124,90590,29946,14.51208,5522.883622024,73948,103597,216944,387262,0,270825,812525,38505,1197.0854423,704030,54,70.54,85.45,106.46,NA
2022-2023,Nov,02,ANDHRA PRADESH,0201,SRIKAKULAM,14372969,175.949097744938,45,6727,13439.722294768,6512,28,68025,14372969,1334746,60874,828688,38506,1808.92587,40537.7574394277,313582,460651,378312,664875,3918,427063,1003867,74537,25289.1092746597,10109634,63,38.52,75.13,100.68,NA
2022-2023,Nov,02,ANDHRA PRADESH,0209,NELLORE,8334872,203.00899975069,44,1912,14709.794034032,11110,3,39612,8334849,2395332,128302,409303,23453,1419.56418,33049.8517996624,186774,283904,251541,435492,3686,337383,1009362,50722,16920.4935856304,5111893,29,47.84,70.31,101.21,NA
2022-2023,Nov,02,ANDHRA PRADESH,0223,ANNAMAYYA,6577222,226.745048683629,49,1419,9378.045681702,9690,41,55076,6576934,1383704,66034,274008,12770,823.14551,25114.0633918922,132759,203843,188966,326517,2908,247286,747915,64766,14912.8722001902,3843075,65,49.63,69.17,100.15,NA
2022-2023,Nov,02,ANDHRA PRADESH,0226,KAKINADA,5250816,230.181218052143,35,3481,7154.672638007,6000,14,27465,5250781,1536056,91957,120910,8199,554.42013,19795.4044310575,149789,217426,201516,338822,524,270141,705505,33465,12086.3116630505,2678756,48,51.87,67.73,102.72,NA
2022-2023,Dec,02,ANDHRA PRADESH,0203,VISAKHAPATANAM,1135984,199.620145865262,45,172,1659.48079278,471,0,4099,1135500,92576,4247,7064,460,567.51186,4493.67940908005,24898,35482,30168,48194,289,37750,81130,4570,2266.68675630005,835847,44,34.85,76.88,100.18,NA
2022-2023,Dec,02,ANDHRA PRADESH,0204,EAST GODAVARI,4249083,220.038208632788,46,1976,6407.933748868,3885,9,25165,4249083,1642624,71963,78752,2871,868.90023,16626.4400953883,91315,128315,120023,193072,1814,183244,497664,29050,9349.60611652033,2295219,54,52.31,60.84,100.83,NA
2022-2023,Dec,02,ANDHRA PRADESH,0209,NELLORE,8505595,203.448316738287,45,1924,16025.623084048,11407,3,40249,8505568,2440041,128355,422088,23483,1584.24764,34914.3056490784,188415,286669,251757,435788,3923,337956,981269,51656,17304.4349250304,5215114,30,47.07,68.6,101.2,NA
2022-2023,Dec,02,ANDHRA PRADESH,0216,KONASEEMA,4701786,244.708412722417,38,2792,5797.401658697,9768,1,19672,4701780,2306305,115345,38626,2145,599.30714,17902.3600063971,120945,174235,150146,246083,1209,220814,486754,29440,11505.6512077001,2974081,36,68.75,70.09,101.59,NA
2022-2023,Oct,02,ANDHRA PRADESH,0201,SRIKAKULAM,14051440,174.592199396359,45,6700,13439.722294768,5293,28,67947,14051440,1300273,60870,793382,38494,1494.53411,39466.9745476278,312181,458052,378134,664589,3331,426666,1008514,73240,24532.7181428598,9876267,62,38.98,79.61,100.7,NA
2022-2023,Oct,02,ANDHRA PRADESH,0205,WEST GODAVARI,2805867,225.070465512583,30,1286,7294.257011282,5770,2,31116,3064407,876228,61134,20732,1464,506.26543,14697.5975413822,99836,151166,127762,220274,145,186024,607800,36886,6897.07510010019,1667970,41,67.25,64.41,102.68,NA
2022-2023,Oct,02,ANDHRA PRADESH,0206,KRISHNA,5057540,238.073798530123,37,2118,7071.0405893,11425,0,43855,5057540,1907926,113355,70780,4510,690.02293,19801.7411094804,134359,236806,163024,303881,153,211497,624567,55280,12040.6775901804,2723668,33,84.07,77.48,104.25,NA
2022-2023,Oct,02,ANDHRA PRADESH,0208,PRAKASAM,13834555,197.994198819288,44,4428,19248.121970329,6199,19,50565,13834513,3563289,201486,341428,20195,1648.45078,48288.1059252292,310047,546288,382648,722432,2016,439489,1125102,56764,27391.5331749003,7849425,43,25.09,80.79,104.29,NA
2022-2023,Oct,02,ANDHRA PRADESH,0211,Y.S.R,5801202,214.819319185035,42,2141,8345.533759491,5163,15,51662,5801005,1199059,79288,87642,5227,1413.7242,22220.9374063809,136207,217899,190963,354278,1499,257949,756572,56825,12461.6794468899,3745730,58,47.14,73.22,100.06,NA
2022-2023,Oct,02,ANDHRA PRADESH,0216,KONASEEMA,4439914,243.585776504828,37,2761,5599.446654697,7865,1,19938,4439908,2193907,115282,36152,2143,440.16164,16854.592672597,119153,171442,150024,245909,735,220240,522125,27803,10814.9843779,2811156,34,72.23,74.56,101.68,NA
2022-2023,Oct,02,ANDHRA PRADESH,0218,NTR,5301360,213.281174249232,41,2178,4954.700110315,11795,12,24377,5301326,2127478,113799,359500,20749,319.85062,16581.2810738948,127039,218287,154912,287426,133,190522,611746,36172,11306.7303435798,3147347,40,76.68,76.32,102.19,NA
2022-2023,Sep,02,ANDHRA PRADESH,0201,SRIKAKULAM,13747387,172.566849199487,44,6666,13439.722294768,1908,29,68315,13747387,1272493,60861,776579,38493,1494.53411,38657.6889979278,309676,453916,378043,664467,3067,426475,1013117,70223,23723.4325931598,9662668,61,38.05,83.47,100.72,NA
2022-2023,Sep,02,ANDHRA PRADESH,0207,GUNTUR,2236579,207.360933328445,34,617,2200.682981583,3945,2,20169,2236576,1057085,67737,60776,4191,490.75743,7329.225279783,65075,109792,80894,143549,105,130862,425242,24114,4637.7848682,1280752,20,76.8,76.28,108.97,NA
2022-2023,Sep,02,ANDHRA PRADESH,0212,ANANTAPUR,7999103,214.362219250104,44,3765,15732.906195608,2069,0,57760,7999057,1570131,91782,295782,16679,1664.40375,34544.2660498888,180499,321469,248464,463886,1559,313645,1062409,59829,17146.9561042808,4478296,54,46.4,84.85,100.29,NA
2022-2023,Sep,02,ANDHRA PRADESH,0217,ELURU,10867365,198.305743980751,42,3370,8348.776701303,5577,9,50253,10620932,3904236,198544,986301,49665,573.74047,29984.4353915926,248671,419671,300215,555049,1079,352487,1043511,55830,21061.9182202896,6054882,53,65.6,82.41,104.28,NA
2022-2023,Sep,02,ANDHRA PRADESH,0225,PARVATHIPURAM MANYAM,7625456,197.534022997726,46,4148,7859.309557327,4116,23,47197,7625452,935974,45673,2779638,132631,566.74474,23488.9164046875,163049,281947,189510,368271,2550,207482,523008,51313,15062.8621073605,4470932,72,43.49,83.38,101.3,NA
2022-2023,June,02,ANDHRA PRADESH,0204,EAST GODAVARI,2944097,206.08643863908,36,1797,3511.929244602,37,11,22169,2944097,1188543,71489,54820,2832,239.46386,9818.777761982,80239,110656,118408,190515,275,180325,517983,22206,6067.38465738,1618437,44,61.61,84.79,101.13,NA
2022-2023,June,02,ANDHRA PRADESH,0205,WEST GODAVARI,2520172,215.78543091205,28,1220,3734.609258072,55,6,30802,2723456,785134,60799,17932,1441,180.79692,9792.22744337208,94909,142636,126316,217844,80,183519,605309,30857,5876.82126530008,1480705,31,81.33,86.56,102.69,NA
2022-2023,June,02,ANDHRA PRADESH,0207,GUNTUR,2134049,198.57389640617,33,611,1002.965675099,54,10,22038,2134046,1016900,67667,56641,4182,143.14019,5383.76415839901,63533,107316,80680,143218,84,130450,425999,22092,4237.65829330001,1216316,14,89.97,91.81,109.31,NA
2022-2023,June,02,ANDHRA PRADESH,0219,BAPATLA,5080978,186.958998568781,33,2030,1970.888483567,321,10,36577,5080978,1908504,135252,165121,13327,140.00923,11610.2432998671,151057,263609,200450,371977,365,251348,672531,36898,9499.3455863001,2737387,14,79.97,96.17,108.49,NA
2022-2023,June,02,ANDHRA PRADESH,0223,ANNAMAYYA,4746670,206.745814421726,42,1230,4273.753906582,570,42,48005,4746520,1044772,65700,194634,12654,173.15325,14260.1385872721,112765,170545,186665,323156,957,243313,760025,48575,9813.2314306901,2756601,55,52.33,88.67,100.2,NA
2022-2023,June,02,ANDHRA PRADESH,0226,KAKINADA,4549763,217.207300060691,31,3354,3817.049812869,205,15,27732,4549763,1370874,91868,107045,8191,142.88397,13842.3511543293,142885,205686,200656,337510,155,268276,735613,27937,9882.41737146031,2341567,40,62.7,91.59,102.81,NA
2022-2023,March,02,ANDHRA PRADESH,0201,SRIKAKULAM,19236000,189.713512624464,60,7177,17578.310934276,20486,20,56936,20093934,1908827,60982,1244833,38601,2776.28216,58475.5011101175,331312,498159,379223,666187,49915,430295,759197,77422,38120.9080158416,14458467,62,34.05,71.38,100.46,NA
2022-2023,March,02,ANDHRA PRADESH,0205,WEST GODAVARI,3470000,230.463401113578,36,1420,9063.698638621,13427,2,28313,3960594,1111404,61269,27511,1473,779.70725,18971.1255253213,107323,164365,128260,221065,601,188466,321249,41740,9127.71963670031,2161228,47,62.04,51.73,102.25,NA
2022-2023,March,02,ANDHRA PRADESH,0207,GUNTUR,2904000,213.551017920839,42,668,3868.023170422,10966,1,16647,3012415,1396704,67924,83527,4208,909.36919,11210.435256922,71089,120422,81441,144360,1619,132701,231903,27613,6433.04289650003,1755037,28,70.43,66.72,106.58,NA
2022-2023,March,02,ANDHRA PRADESH,0211,Y.S.R,7011000,220.447126878952,49,2312,11992.595320674,18487,14,43198,7249949,1521021,79414,114327,5248,2546.32726,30521.2268513633,146165,236016,191524,355093,9683,260489,501136,61685,15982.3042706893,4700220,60,41.37,57.45,100.04,NA
2022-2023,March,02,ANDHRA PRADESH,0216,KONASEEMA,5264000,245.772576389816,43,2868,8472.835201925,11825,1,19852,5446963,2662290,115494,44623,2149,899.34545,22759.321952025,124754,180489,150417,246475,3024,222322,350551,31677,13387.1413001,3471388,39,67.15,67.58,101.46,NA
2022-2023,March,02,ANDHRA PRADESH,0224,TIRUPATI,9710000,212.626726736364,56,2776,11345.664963052,19476,22,32202,10090673,3930670,152587,756235,30594,1496.46254,34297.5952086221,179389,282289,220592,392656,30378,277358,493429,51678,21455.4677055701,6391632,54,46.11,74.38,103.04,NA
2022-2023,Feb,02,ANDHRA PRADESH,0204,EAST GODAVARI,4991229,215.449884611393,51,2060,7432.731153345,4781,5,25210,4991229,1914103,72218,92155,2887,1021.7139,19208.0421745354,96570,136190,120679,194008,3113,184588,299444,29991,10753.5971211904,2711744,54,52.58,61.31,101.12,NA
2022-2023,Feb,02,ANDHRA PRADESH,0217,ELURU,13271466,202.226193941892,49,3618,9919.18315417,14417,5,45244,12977356,4724008,199386,1220250,50417,1104.5226,37267.3188672598,264754,449385,302921,559582,3774,357663,663037,59661,26243.6131130898,7469235,55,56.77,68.01,103.56,NA
2022-2023,Feb,02,ANDHRA PRADESH,0218,NTR,6708496,212.172990902054,48,2442,6251.617816806,14628,11,23750,6708437,2696461,114440,467137,20916,583.13096,21068.240202486,137965,239688,156393,289681,593,192988,379223,38378,14233.49142568,3961568,42,61.8,60.35,101.83,NA
2022-2023,Feb,02,ANDHRA PRADESH,0223,ANNAMAYYA,7853421,225.314392835767,53,1551,11872.129585791,17808,40,54223,7853091,1637419,66309,333784,12860,1214.78249,30781.0563812812,145860,226090,190630,328825,5014,250587,446061,72031,17694.1443054902,4620473,68,50.97,64.75,100.11,NA
2022-2023,July,02,ANDHRA PRADESH,0202,VIZIANAGARAM,12820437,197.36544124198,44,7595,8876.594846544,333,20,52747,12820437,1485099,74044,323298,17573,636.58951,34816.2964107441,289165,444641,342143,628570,817,376734,923274,53080,25303.1120542001,8903068,47,21.34,92.56,100.28,NA
2022-2023,July,02,ANDHRA PRADESH,0212,ANANTAPUR,7307276,213.357568553438,42,3555,15527.487234558,376,0,55776,7307264,1450252,91748,268413,16654,887.7877,32005.8757327387,170383,299664,248186,463420,838,313165,1087371,56152,15590.6007981807,4101404,51,45.99,88.34,100.15,NA
2022-2023,July,02,ANDHRA PRADESH,0222,SRI SATHYA SAI,5468692,205.720369977957,42,3045,10665.716029754,505,1,41445,5468682,861214,63672,355686,23319,416.25846,22332.167333072,127706,224268,213702,401989,1561,273866,966793,41950,11250.192843318,2972896,55,39.21,89.72,101.8,NA
2022-2023,July,02,ANDHRA PRADESH,0223,ANNAMAYYA,5334230,219.02046414035,45,1273,9215.339800903,732,42,52041,5334031,1163569,65812,218679,12684,314.46967,21212.4289244931,118265,179653,187349,324134,1497,244499,761168,52773,11682.6194535901,3112192,58,51.38,85.68,100.19,NA
2022-2023,July,02,ANDHRA PRADESH,0226,KAKINADA,4672656,228.159879521634,32,3370,7027.953224107,279,15,28297,4672656,1405448,91887,108944,8192,236.80564,17925.8851641674,143884,207321,200789,337716,193,268571,734459,28576,10661.1263000604,2394545,41,60.72,87.24,102.83,NA
2022-2023,May,02,ANDHRA PRADESH,0209,NELLORE,3577809,148.425099462881,25,1403,8681.51729629,37,8,42600,3577797,1099185,127324,177830,22995,389.47094,14381.33699212,138055,201976,248465,431004,37,332418,1062765,42637,5310.34875582997,2177289,27,48.82,68.83,101.51,NA
2022-2023,May,02,ANDHRA PRADESH,0213,KURNOOL,4674546,170.508099824026,30,2006,2590.858096997,48,46,35504,4674546,1008939,101392,42370,6052,283.07297,10844.410626997,155001,272737,247294,485041,87,308057,987352,35552,7970.47956000002,2571673,41,53.56,94.34,100.23,NA
2022-2023,May,02,ANDHRA PRADESH,0216,KONASEEMA,2434407,165.90037649508,23,2431,2751.929908598,149,1,22311,2434401,1264060,114917,19341,2124,92.03992,6882.65025299798,102260,143894,149305,244844,1,218653,535098,22460,4038.68042439998,1572235,27,89.16,94.67,102.71,NA
2022-2023,April,02,ANDHRA PRADESH,0208,PRAKASAM,3361568,95.7241526022209,17,2683,4375.906551353,68,19,42467,3361550,921509,200385,79257,20032,51.62474,7645.34654315296,189314,315092,379568,717563,1,434593,1169679,42535,3217.81525179996,1882416,37,34.86,91.14,104.01,NA
2022-2023,April,02,ANDHRA PRADESH,0222,SRI SATHYA SAI,1503304,124.639624959423,18,1795,4286.763275401,13,5,37977,1503304,237650,63476,92029,23182,29.02181,6189.497553001,79862,132938,212699,400295,0,272122,975234,37990,1873.7124676,817721,56,52.71,92.72,100.14,NA
2022-2023,Sep,02,ANDHRA PRADESH,0203,VISAKHAPATANAM,1057942,195.095176546024,44,164,1560.05536768,255,0,4025,1057458,85748,4247,6737,459,388.88953,4011.99444968005,23999,34098,30141,48155,188,37651,84063,4280,2063.04955200005,774590,40,33.16,88.41,100.19,NA
2022-2023,Sep,02,ANDHRA PRADESH,0204,EAST GODAVARI,3374884,214.100218243946,39,1868,5883.266044916,194,10,25776,3374884,1335536,71759,62153,2851,685.39829,13794.298344396,84749,118129,119429,192145,540,182013,518255,25970,7225.63400948001,1840834,51,54.32,68.95,101.03,NA
2022-2023,Sep,02,ANDHRA PRADESH,0205,WEST GODAVARI,2698817,223.744836399125,29,1250,7291.801021282,1445,2,33232,2945247,847422,61023,19869,1455,389.84693,14271.4860329821,98312,148467,127307,219504,125,185201,607796,34677,6589.83808170014,1600352,38,68.97,69.64,102.77,NA
2022-2023,Sep,02,ANDHRA PRADESH,0206,KRISHNA,4895194,236.926546491934,36,2098,7071.0405893,3365,0,49961,4895194,1855743,113293,66291,4495,690.02293,19359.0776075804,132564,233603,162813,303560,146,211162,625585,53326,11598.0140882804,2621300,31,86.73,82.96,104.41,NA
2022-2023,Sep,02,ANDHRA PRADESH,0214,ALLURI SITHARAMA RAJU,7627096,229.945977747171,42,2618,14897.096922576,2603,2,59887,7627075,171230,9694,6884234,384685,500.62124,32935.870344836,177969,324401,214226,421109,3214,238245,627752,62490,17538.15218226,3992791,75,71.05,87.59,101.72,NA
2022-2023,Sep,02,ANDHRA PRADESH,0220,PALNADU,6030007,182.622117550851,34,1917,8064.192989118,3076,35,35426,6029782,1494784,113846,456688,35236,552.6452,19628.553761218,174291,305274,238981,432112,448,300362,911015,38502,11011.7155721,3252522,17,76.6,88.08,110.09,NA
2022-2023,Sep,02,ANDHRA PRADESH,0223,ANNAMAYYA,6075146,223.643831500961,47,1366,9378.045681702,4374,41,54864,6074901,1298524,65955,252952,12743,635.42772,23599.6147579922,127238,194332,188467,325776,2417,246384,757941,59238,13586.1413562902,3548757,62,49.5,76,100.17,NA
2022-2023,Aug,02,ANDHRA PRADESH,0201,SRIKAKULAM,13529934,171.712303800298,44,6607,13261.301986068,216,29,60707,13529934,1253977,60807,765033,38475,952.53361,37446.3969701278,305315,446271,377085,663254,2774,425078,1021021,60923,23232.5613740598,9516566,55,38.22,86.58,100.74,NA
2022-2023,Aug,02,ANDHRA PRADESH,0206,KRISHNA,4782958,235.135104077442,36,2082,6980.66535375,1009,0,49920,4782958,1815892,113231,63204,4491,451.36692,18678.4455450304,130331,229898,162623,303244,142,210880,626554,50929,11246.4132712804,2550927,28,89.37,87.3,104.53,NA
2022-2023,Aug,02,ANDHRA PRADESH,0209,NELLORE,6673305,193.028991726868,38,1741,14676.229570032,1584,4,44715,6673288,1948815,127843,320047,23186,846.37565,28403.9857614621,171358,258787,250066,433372,1411,334761,1055152,46299,12881.3805414301,4062071,26,46.63,70.11,101.57,NA
2022-2023,Aug,02,ANDHRA PRADESH,0215,ANAKAPALLI,7697131,189.016930129413,42,3409,8823.1537427,597,28,26077,7697116,617783,33497,289597,16185,350.20384,23722.2099543999,181204,267951,232001,380233,642,285575,646504,26674,14548.8523716999,5284785,32,27.71,85.96,100.1,NA
2022-2023,Aug,02,ANDHRA PRADESH,0221,NANDYAL,5292228,204.532945898589,35,1946,9349.924593273,962,35,36998,5292228,1574576,110730,189735,12399,471.1348,20645.409225343,148320,255475,203358,389696,403,282312,912442,37960,10824.34983207,3205659,28,66.11,86.11,100.37,NA
2022-2023,Aug,02,ANDHRA PRADESH,0222,SRI SATHYA SAI,5630049,206.120742353969,43,3100,10742.037621454,807,0,43108,5630039,881740,63703,367806,23334,524.38719,22871.102993072,129915,228298,213882,402285,1868,274307,934641,43915,11604.678181618,3060159,57,39.24,87.93,101.76,NA
2022-2023,Aug,02,ANDHRA PRADESH,0223,ANNAMAYYA,5699160,219.951273407739,46,1310,9335.663220302,2118,41,53407,5698928,1232582,65872,234854,12715,397.34768,22267.8756068922,122292,186188,187817,324844,1988,245281,760939,55525,12534.8647065902,3328929,60,49.66,80.12,100.18,NA
2022-2023,Aug,02,ANDHRA PRADESH,0224,TIRUPATI,6770021,189.051156870017,43,2368,8307.81088607,687,26,44772,6769968,2686991,151898,489683,30367,447.52194,21554.0356497999,155715,240140,219025,390324,1903,274013,799804,45459,12798.7028237299,4269521,53,53.21,87.35,104.96,NA
2022-2023,June,02,ANDHRA PRADESH,0202,VIZIANAGARAM,12518958,187.507668289168,43,7553,3186.031737444,252,22,50188,12518958,1447061,74019,314055,17569,388.97497,27049.0129473442,287400,440744,341909,628212,640,376280,924627,50440,23474.0062399002,8699122,45,21.19,94.72,100.29,NA
2022-2023,June,02,ANDHRA PRADESH,0206,KRISHNA,4557940,223.251763219356,35,2050,3116.44358605,762,0,47412,4557940,1743075,113119,59310,4477,244.95213,13537.0771325303,127661,224786,162235,302615,103,210199,626142,48174,10175.6814164803,2426993,25,92.99,92.72,104.32,NA
2022-2023,June,02,ANDHRA PRADESH,0215,ANAKAPALLI,7301401,181.049772834911,40,3373,2776.384375805,268,34,25205,7301386,587929,33475,273685,16159,183.13572,16178.662862605,179572,264856,231716,379862,340,285103,651877,25473,13219.1427668,5001525,30,27.55,88.76,100.1,NA
2022-2023,June,02,ANDHRA PRADESH,0217,ELURU,9643822,185.124709203551,39,3224,3797.954823342,471,14,42048,9440535,3528826,197905,914150,49424,209.29493,21484.0127193514,236500,396902,298175,551629,616,349450,1046712,42519,17476.7629660094,5379232,39,65.37,94.03,104.38,NA
2022-2023,June,02,ANDHRA PRADESH,0222,SRI SATHYA SAI,5220095,197.113113807878,41,3007,4522.255683831,99,2,41431,5220085,826518,63648,338683,23270,248.2344,15059.962170749,125731,220556,213514,401665,1226,273410,968709,41530,10289.472086918,2836172,55,39.67,91.39,101.88,NA
2022-2023,Oct,02,ANDHRA PRADESH,0215,ANAKAPALLI,7943043,190.338174857245,43,3447,8925.2472329,3032,28,26619,7943028,642850,33559,299961,16193,559.98046,24603.8422164999,184311,272955,232382,380737,764,286163,643016,29651,15118.6145235999,5453324,39,27.74,80.41,100.1,NA
2022-2023,Oct,02,ANDHRA PRADESH,0225,PARVATHIPURAM MANYAM,7678108,198.913566015264,47,4152,7863.402596927,7675,23,43875,7678104,942713,45687,2803452,132655,566.74474,23702.9378056876,163362,282631,189555,368346,2641,207559,519345,51550,15272.7904687606,4501155,72,43.41,82.28,101.29,NA
2022-2023,Dec,02,ANDHRA PRADESH,0201,SRIKAKULAM,14905837,176.798344175235,47,6778,14617.027184198,7710,26,67704,14905837,1403581,60893,876761,38531,2037.37826,43007.6784456575,316134,465045,378552,665234,5397,427662,893704,75414,26353.2730014595,10519459,63,38.41,72.74,100.65,NA
2022-2023,Dec,02,ANDHRA PRADESH,0221,NANDYAL,5606322,210.305596033135,36,1970,10333.651578909,6683,34,35723,5606294,1643561,110877,202181,12419,1062.47632,23186.4779109789,151961,262442,203932,390658,582,284312,878585,42406,11790.3500120699,3387491,35,58.82,72.83,100.43,NA
2022-2023,Dec,02,ANDHRA PRADESH,0222,SRI SATHYA SAI,6596696,212.417857221006,46,3314,11700.374702774,6478,0,42158,6596686,1023491,63824,425427,23379,1226.39681,26939.3105615721,140536,248346,214533,403385,4156,276591,876307,48636,14012.5390487981,3581932,60,40.62,78.55,101.47,NA
2022-2023,Dec,02,ANDHRA PRADESH,0223,ANNAMAYYA,6770506,228.451512194025,50,1443,10355.071173765,10721,40,55154,6770202,1415373,66070,281758,12786,944.14615,26765.8461713551,134460,206904,189198,326859,3125,247679,720722,65875,15466.6288475901,3955476,66,49.8,67.22,100.14,NA
2022-2023,Dec,02,ANDHRA PRADESH,0224,TIRUPATI,8221312,203.21859623274,48,2590,8906.583881516,9878,23,39930,8221251,3191651,152282,605178,30483,992.45153,26606.1462864861,168403,261899,220005,391794,8880,275794,747989,49808,16707.1108749701,5189432,54,48.9,78.25,103.91,NA
2022-2023,Dec,02,ANDHRA PRADESH,0225,PARVATHIPURAM MANYAM,8026743,198.252363658026,48,4183,8366.174069527,8769,21,43569,8026739,999058,45733,2996443,132752,801.79994,25081.1738016876,164762,285790,189727,368618,4019,207875,499993,52338,15913.1997921606,4710883,72,42.95,78.62,101.23,NA
2022-2023,Nov,02,ANDHRA PRADESH,0202,VIZIANAGARAM,13704531,200.724055072006,46,7746,9196.978370344,6070,10,57275,13704531,1622460,74152,350132,17612,1554.46228,38259.7310021441,295799,459174,343117,630032,1555,378691,905966,63345,27508.2903518001,9463758,55,23,76.4,100.28,NA
2022-2023,Nov,02,ANDHRA PRADESH,0207,GUNTUR,2411506,209.493681977588,35,626,2200.682981583,9162,2,16854,2411503,1124890,67775,66522,4193,596.34389,7848.973297283,67037,113099,81023,143743,155,131111,409927,26016,5051.9464257,1389811,25,74.59,71.84,108.2,NA
2022-2023,Nov,02,ANDHRA PRADESH,0211,Y.S.R,5984133,216.667458358859,43,2170,8345.533759491,7420,15,50545,5983890,1240008,79320,91629,5239,1679.80548,22990.4816134809,137617,220432,191138,354535,1652,258346,753171,57965,12965.1423739899,3863249,58,43.86,65.29,100.05,NA
2022-2023,Nov,02,ANDHRA PRADESH,0218,NTR,5513196,212.811933439947,42,2214,4954.700110315,12741,11,24037,5513157,2219578,113865,373755,20757,393.78366,17081.1397755948,128542,221278,155033,287606,185,190727,602913,36778,11732.6560052798,3270432,41,63.4,62.5,102.09,NA
2022-2023,Nov,02,ANDHRA PRADESH,0221,NANDYAL,5518302,209.565101414709,36,1964,9355.377376773,5873,35,36040,5518302,1623036,110842,198315,12410,936.60885,21856.4214094429,151074,260805,203779,390412,525,283825,900023,41913,11564.4351826699,3334519,35,60.65,76.14,100.44,NA
2022-2023,Nov,02,ANDHRA PRADESH,0222,SRI SATHYA SAI,6337477,210.106512420468,45,3280,10769.641448254,6239,0,41841,6337467,985089,63797,409753,23367,1058.99281,25144.0651477521,138362,244246,214372,403110,3148,275957,914181,48080,13315.4308894981,3440436,60,40.26,79.6,101.54,NA
2022-2023,Jan,02,ANDHRA PRADESH,0201,SRIKAKULAM,15833881,175.277142352905,49,6875,15064.579740998,8077,25,68024,15833881,1510002,60934,955361,38550,2281.30276,45099.0566413576,320298,473250,378790,665591,8597,428294,796071,76101,27753.1741403596,11229400,63,38.4,72.38,100.61,NA
2022-2023,Jan,02,ANDHRA PRADESH,0212,ANANTAPUR,9404658,210.397105754794,49,4068,17275.698887208,12778,0,49583,9404539,1814945,91896,361407,16727,2406.80249,39469.3792427889,191867,344216,249079,464934,3522,315482,708002,62361,19786.8778655809,5264348,55,43.21,74.41,100.31,NA
2022-2023,Jan,02,ANDHRA PRADESH,0214,ALLURI SITHARAMA RAJU,9764868,228.948288772368,51,2922,15841.863093556,9940,1,55913,9764847,219692,9712,8841626,385717,1129.27169,39327.5848912959,189082,346834,214939,422286,11281,239972,551115,65853,22356.4501077399,5147922,75,66.68,82.93,101.66,NA
2022-2023,Jan,02,ANDHRA PRADESH,0221,NANDYAL,5892350,205.878868538921,37,2036,10636.382458909,6740,34,36746,5892322,1710955,110939,216050,12430,1201.03474,23968.4630631789,155282,268693,204144,390998,743,284914,591008,43486,12131.0458642699,3550916,36,58.99,72.41,100.44,NA
2022-2023,Jan,02,ANDHRA PRADESH,0223,ANNAMAYYA,7247847,224.297589035592,51,1499,10752.402363765,11582,40,56080,7247540,1510749,66184,307812,12815,1070.62913,28079.0889781551,139857,216317,189931,327874,3747,248945,486130,67662,16256.0574843901,4245544,67,50.53,66.01,100.13,NA
